917	933	0.9227638087295258
933	917	0.9227638087295258
914	917	0.7301375570262589
917	914	0.7301375570262589
917	953	0.6627368317589406
953	917	0.6627368317589406
917	948	0.6487380784069343
948	917	0.6487380784069343
700	917	0.6420912231506737
917	700	0.6420912231506737
917	941	0.6067182894619725
941	917	0.6067182894619725
917	951	0.5743761204905344
951	917	0.5743761204905344
917	952	0.5663995691603945
952	917	0.5663995691603945
917	949	0.5649947927877643
949	917	0.5649947927877643
474	917	0.5458749939320218
917	474	0.5458749939320218
917	955	0.5374646984029208
955	917	0.5374646984029208
368	917	0.5370489620019672
917	368	0.5370489620019672
847	917	0.5351593630714662
917	847	0.5351593630714662
879	917	0.5246633211296137
917	879	0.5246633211296137
666	917	0.5215739385792237
917	666	0.5215739385792237
917	947	0.519059471563706
947	917	0.519059471563706
917	932	0.5170976377118455
932	917	0.5170976377118455
910	917	0.5075322094750081
917	910	0.5075322094750081
923	917	0.5039489781027042
276	917	0.4941137835217926
917	276	0.4941137835217926
406	917	0.49310247280044295
917	406	0.49310247280044295
726	917	0.4793432797301538
917	726	0.4793432797301538
917	925	0.47712903628475933
925	917	0.47712903628475933
866	917	0.4755927085409595
917	866	0.4755927085409595
540	917	0.46707253353328015
917	540	0.46707253353328015
917	934	0.46704981755292185
934	917	0.46704981755292185
912	917	0.4652311241490412
917	912	0.4652311241490412
603	917	0.4649359769459971
917	603	0.4649359769459971
767	917	0.4601595037194224
917	767	0.4601595037194224
107	917	0.45993371029597485
917	107	0.45993371029597485
609	917	0.4589817589629437
917	609	0.4589817589629437
350	917	0.458425745894947
917	350	0.458425745894947
631	917	0.4543619350721313
917	631	0.4543619350721313
475	917	0.4541594373879323
917	475	0.4541594373879323
541	917	0.45329787069252525
917	541	0.45329787069252525
908	917	0.45300047903001617
917	908	0.45300047903001617
470	917	0.4529974008152555
917	470	0.4529974008152555
65	917	0.45249629194187624
917	65	0.45249629194187624
575	917	0.4524114825599934
917	575	0.4524114825599934
901	917	0.45162389129709446
917	901	0.45162389129709446
865	917	0.4499300426712183
917	865	0.4499300426712183
827	917	0.4493591377081674
917	827	0.4493591377081674
870	917	0.4485636249573044
917	870	0.4485636249573044
290	917	0.4478452509148183
917	290	0.4478452509148183
917	954	0.44758074489205035
954	917	0.44758074489205035
447	917	0.44721332909446687
917	447	0.44721332909446687
596	917	0.44693909098540985
917	596	0.44693909098540985
309	917	0.44681332113646777
917	309	0.44681332113646777
909	917	0.4466086495440049
917	909	0.4466086495440049
42	917	0.4459707886381463
917	42	0.4459707886381463
744	917	0.44493188113805626
917	744	0.44493188113805626
728	917	0.4447785514572966
917	728	0.4447785514572966
621	917	0.44399703472256724
917	621	0.44399703472256724
623	917	0.4437922275654833
917	623	0.4437922275654833
373	917	0.4431763064126706
917	373	0.4431763064126706
419	917	0.44284662712558354
917	419	0.44284662712558354
546	917	0.44198807527909856
917	546	0.44198807527909856
797	917	0.44189285348681207
917	797	0.44189285348681207
32	917	0.44095897451717425
917	32	0.44095897451717425
544	917	0.4408688263818741
917	544	0.4408688263818741
849	917	0.4393798016996071
917	849	0.4393798016996071
718	917	0.4392641016536518
917	718	0.4392641016536518
747	917	0.4387301577336544
917	747	0.4387301577336544
409	917	0.4382976409026347
917	409	0.4382976409026347
617	917	0.43822328774550123
917	617	0.43822328774550123
574	917	0.43818732457895515
917	574	0.43818732457895515
415	917	0.4378685711097132
917	415	0.4378685711097132
336	917	0.43660597478021246
917	336	0.43660597478021246
594	917	0.4365206069721581
917	594	0.4365206069721581
665	917	0.43581390363914574
917	665	0.43581390363914574
2	917	0.43490595160190915
917	2	0.43490595160190915
917	921	0.43468607875946796
921	917	0.43468607875946796
695	917	0.4345635895586377
917	695	0.4345635895586377
67	917	0.43447532052040727
917	67	0.43447532052040727
624	917	0.4344571321074395
917	624	0.4344571321074395
563	917	0.4340585931804144
917	563	0.4340585931804144
688	917	0.4339606212401783
917	688	0.4339606212401783
270	917	0.4338268671585177
917	270	0.4338268671585177
16	917	0.43379811677309776
917	16	0.43379811677309776
917	920	0.43327747918995874
920	917	0.43327747918995874
570	917	0.4332246189725453
917	570	0.4332246189725453
508	917	0.433176862091041
917	508	0.433176862091041
488	917	0.43287105092037104
917	488	0.43287105092037104
351	917	0.4325153175828109
917	351	0.4325153175828109
414	917	0.4323024864763423
917	414	0.4323024864763423
663	917	0.4320504672039396
917	663	0.4320504672039396
232	917	0.4316828742443184
917	232	0.4316828742443184
858	917	0.4304078057762464
917	858	0.4304078057762464
917	922	0.4302712092340373
922	917	0.4302712092340373
689	917	0.4297975425740621
917	689	0.4297975425740621
607	917	0.42965264157026795
917	607	0.42965264157026795
586	917	0.4294250724075508
917	586	0.4294250724075508
37	917	0.42933642969326913
917	37	0.42933642969326913
307	917	0.42895804276062854
917	307	0.42895804276062854
590	917	0.42879041813765695
917	590	0.42879041813765695
727	917	0.4284578398447849
917	727	0.4284578398447849
8	917	0.42826657753689834
917	8	0.42826657753689834
426	917	0.42826261767721063
917	426	0.42826261767721063
906	917	0.42800957889976354
917	906	0.42800957889976354
585	917	0.42795194254670776
917	585	0.42795194254670776
615	917	0.42782046468411816
917	615	0.42782046468411816
528	917	0.4273195685443476
917	528	0.4273195685443476
914	933	0.42626299674211987
933	914	0.42626299674211987
568	917	0.4258802211506152
917	568	0.4258802211506152
189	917	0.42523116643744396
917	189	0.42523116643744396
896	917	0.42518288263912307
917	896	0.42518288263912307
300	917	0.42508866092589415
917	300	0.42508866092589415
492	917	0.42478931850727286
917	492	0.42478931850727286
77	917	0.42461925466155415
917	77	0.42461925466155415
834	917	0.4245861162510032
917	834	0.4245861162510032
547	917	0.42350108039422696
917	547	0.42350108039422696
320	917	0.42286592794726063
917	320	0.42286592794726063
349	917	0.42275709787485805
917	349	0.42275709787485805
759	917	0.4227539579736539
917	759	0.4227539579736539
378	917	0.42223006163224586
917	378	0.42223006163224586
771	917	0.42221551975560634
917	771	0.42221551975560634
432	917	0.4219509962690384
917	432	0.4219509962690384
791	917	0.42164851470143105
917	791	0.42164851470143105
790	917	0.4214690461996511
917	790	0.4214690461996511
213	917	0.4209627204645352
917	213	0.4209627204645352
569	917	0.4209162286978885
917	569	0.4209162286978885
530	917	0.4209129801249023
917	530	0.4209129801249023
319	917	0.4208458662403636
917	319	0.4208458662403636
165	917	0.4204823133141433
917	165	0.4204823133141433
113	917	0.4204478653675854
917	113	0.4204478653675854
664	917	0.42024097710413133
917	664	0.42024097710413133
236	917	0.42008214548509715
917	236	0.42008214548509715
861	917	0.4200333825619489
917	861	0.4200333825619489
10	917	0.41974165279447795
917	10	0.41974165279447795
28	917	0.41966558102011997
917	28	0.41966558102011997
452	917	0.41957553893496624
917	452	0.41957553893496624
441	917	0.41957019251873806
917	441	0.41957019251873806
799	917	0.41933239936391664
917	799	0.41933239936391664
770	917	0.4191827388826004
917	770	0.4191827388826004
675	917	0.41901853793058597
917	675	0.41901853793058597
205	917	0.41892592538047424
917	205	0.41892592538047424
210	917	0.4183906874533445
917	210	0.4183906874533445
831	917	0.41815589169020995
917	831	0.41815589169020995
74	917	0.4178289618072364
917	74	0.4178289618072364
35	917	0.417722015660994
917	35	0.417722015660994
323	917	0.417593702733986
917	323	0.417593702733986
99	917	0.41757043780279957
917	99	0.41757043780279957
443	917	0.4175593241770934
917	443	0.4175593241770934
917	938	0.4175410294684516
938	917	0.4175410294684516
410	917	0.41753510953496975
917	410	0.41753510953496975
0	917	0.4175210241747507
917	0	0.4175210241747507
302	917	0.41746922611568116
917	302	0.41746922611568116
260	917	0.4170256040021747
917	260	0.4170256040021747
293	917	0.4169680846827726
917	293	0.4169680846827726
434	917	0.416957734540651
917	434	0.416957734540651
917	927	0.41694525417531625
927	917	0.41694525417531625
729	917	0.4164940137604425
917	729	0.4164940137604425
917	937	0.41641087210227656
937	917	0.41641087210227656
890	917	0.41633391911472284
917	890	0.41633391911472284
187	917	0.41622285987650964
917	187	0.41622285987650964
646	917	0.41609506401820595
917	646	0.41609506401820595
724	917	0.41591435063231375
917	724	0.41591435063231375
713	917	0.41581049235567047
917	713	0.41581049235567047
234	917	0.4157380191869098
917	234	0.4157380191869098
513	917	0.4156672688391938
917	513	0.4156672688391938
774	917	0.41555541109101246
917	774	0.41555541109101246
691	917	0.41547391914984266
917	691	0.41547391914984266
702	917	0.4152279024917811
917	702	0.4152279024917811
425	917	0.415205282785176
917	425	0.415205282785176
707	917	0.41509357299073923
917	707	0.41509357299073923
239	917	0.41495261320368826
917	239	0.41495261320368826
230	917	0.41484835087691696
917	230	0.41484835087691696
789	917	0.4145968724944591
917	789	0.4145968724944591
13	917	0.4144020718617898
917	13	0.4144020718617898
917	926	0.41437414128553063
926	917	0.41437414128553063
264	917	0.41437359204493807
917	264	0.41437359204493807
231	917	0.4143255360001734
917	231	0.4143255360001734
559	917	0.4143021717160389
917	559	0.4143021717160389
228	917	0.41425268930734305
917	228	0.41425268930734305
374	917	0.4142355721041988
917	374	0.4142355721041988
465	917	0.4142023670828747
917	465	0.4142023670828747
206	917	0.41417304182097214
917	206	0.41417304182097214
592	917	0.4140834001577951
917	592	0.4140834001577951
195	917	0.4136644436974035
917	195	0.4136644436974035
917	852	0.41366000863824914
656	917	0.41360349855362477
917	656	0.41360349855362477
97	917	0.41334479949863456
917	97	0.41334479949863456
160	917	0.4133395799913231
917	160	0.4133395799913231
917	945	0.4132009446682987
945	917	0.4132009446682987
514	917	0.4130817336745711
917	514	0.4130817336745711
146	917	0.41300518420611976
917	146	0.41300518420611976
444	917	0.41292914113544876
917	444	0.41292914113544876
138	917	0.41285870506214395
917	138	0.41285870506214395
84	917	0.41275854746445084
917	84	0.41275854746445084
733	917	0.4126109879619424
917	733	0.4126109879619424
43	917	0.4125333235294557
917	43	0.4125333235294557
423	917	0.4124079222510362
917	423	0.4124079222510362
136	917	0.4120951700623403
917	136	0.4120951700623403
192	917	0.4120696320990356
917	192	0.4120696320990356
352	917	0.4119752331812825
917	352	0.4119752331812825
31	917	0.4118486462049977
917	31	0.4118486462049977
388	917	0.4116669325694615
917	388	0.4116669325694615
667	917	0.41140870275219155
917	667	0.41140870275219155
196	917	0.41132256508704024
917	196	0.41132256508704024
531	917	0.41127768606756665
917	531	0.41127768606756665
317	917	0.4112113845649177
917	317	0.4112113845649177
494	917	0.41097937440457355
917	494	0.41097937440457355
211	917	0.41097843000152645
917	211	0.41097843000152645
347	917	0.4108030155473341
917	347	0.4108030155473341
23	917	0.4106914772008594
917	23	0.4106914772008594
247	917	0.41054174030813595
917	247	0.41054174030813595
566	917	0.4103655696405266
917	566	0.4103655696405266
535	917	0.4102944088615048
917	535	0.4102944088615048
46	917	0.4102229566522604
917	46	0.4102229566522604
684	917	0.41014745230972705
917	684	0.41014745230972705
256	917	0.4100581333788176
917	256	0.4100581333788176
96	917	0.409959487562813
917	96	0.409959487562813
82	917	0.4098428669203087
917	82	0.4098428669203087
756	917	0.40966304323327374
917	756	0.40966304323327374
219	917	0.40963829936981977
917	219	0.40963829936981977
60	917	0.4094795377013538
917	60	0.4094795377013538
769	917	0.4093981874397179
917	769	0.4093981874397179
398	917	0.40891908374121977
917	398	0.40891908374121977
476	917	0.40890086591332864
917	476	0.40890086591332864
286	917	0.4088637434395781
917	286	0.4088637434395781
71	917	0.4088032745886414
917	71	0.4088032745886414
6	917	0.4087992787457384
917	6	0.4087992787457384
269	917	0.40873902285563934
917	269	0.40873902285563934
671	917	0.4087348374575406
917	671	0.4087348374575406
295	917	0.40862341442180417
917	295	0.40862341442180417
745	917	0.4086021919626732
917	745	0.4086021919626732
764	917	0.40859484344978814
917	764	0.40859484344978814
464	917	0.40854054830800113
917	464	0.40854054830800113
438	917	0.40853319885648665
917	438	0.40853319885648665
542	917	0.40842046417597544
917	542	0.40842046417597544
553	917	0.4084076157723511
917	553	0.4084076157723511
819	917	0.40833031789998375
917	819	0.40833031789998375
902	917	0.40832906675716396
917	902	0.40832906675716396
748	917	0.40819112579287853
917	748	0.40819112579287853
100	917	0.4081777737678496
917	100	0.4081777737678496
207	917	0.40813188524138133
917	207	0.40813188524138133
358	917	0.4080556169317069
917	358	0.4080556169317069
114	917	0.40789644738544717
917	114	0.40789644738544717
283	917	0.40780452477725837
917	283	0.40780452477725837
565	917	0.40767835361710825
917	565	0.40767835361710825
626	917	0.40767510396461715
917	626	0.40767510396461715
899	917	0.40754656715190674
917	899	0.40754656715190674
5	917	0.4075063501425984
917	5	0.4075063501425984
281	917	0.407469237265766
917	281	0.407469237265766
88	917	0.40742595743496457
917	88	0.40742595743496457
647	917	0.4073510912899321
917	647	0.4073510912899321
49	917	0.4072926415917293
917	49	0.4072926415917293
166	917	0.4072844170229628
917	166	0.4072844170229628
95	917	0.40722029651013036
917	95	0.40722029651013036
321	917	0.4071483167066252
917	321	0.4071483167066252
784	917	0.40698011977907855
917	784	0.40698011977907855
552	917	0.40689712216145213
917	552	0.40689712216145213
359	917	0.4067244228239508
917	359	0.4067244228239508
502	917	0.4066306574523004
917	502	0.4066306574523004
662	917	0.406306328651014
917	662	0.406306328651014
1	917	0.40621157888726334
917	1	0.40621157888726334
869	917	0.40612685922920755
917	869	0.40612685922920755
12	917	0.4060615370683527
917	12	0.4060615370683527
655	917	0.4059239968354251
917	655	0.4059239968354251
898	917	0.40590549799332787
917	898	0.40590549799332787
149	917	0.4058656672256198
917	149	0.4058656672256198
720	917	0.4057833496434393
917	720	0.4057833496434393
800	917	0.4057670639264488
917	800	0.4057670639264488
164	917	0.40536267389462144
917	164	0.40536267389462144
105	917	0.4052297356858643
917	105	0.4052297356858643
459	917	0.4051197520434513
917	459	0.4051197520434513
216	917	0.40509801607811524
917	216	0.40509801607811524
262	917	0.40506859275111884
917	262	0.40506859275111884
743	917	0.4049478244092577
917	743	0.4049478244092577
840	917	0.4048930190499318
917	840	0.4048930190499318
94	917	0.404867627941238
917	94	0.404867627941238
312	917	0.4047973358411592
917	312	0.4047973358411592
140	917	0.40478456469320623
917	140	0.40478456469320623
893	917	0.40466221741429065
917	893	0.40466221741429065
696	917	0.4045506515352202
917	696	0.4045506515352202
917	931	0.40455031997448043
931	917	0.40455031997448043
472	917	0.4044722719206517
917	472	0.4044722719206517
580	917	0.40440402422821076
917	580	0.40440402422821076
481	917	0.4042291976450543
917	481	0.4042291976450543
47	917	0.4041193067785098
917	47	0.4041193067785098
716	917	0.4040562328275694
917	716	0.4040562328275694
501	917	0.4040318080802976
917	501	0.4040318080802976
731	917	0.4039764590971191
917	731	0.4039764590971191
723	917	0.40391247123467533
917	723	0.40391247123467533
480	917	0.403892987701465
917	480	0.403892987701465
917	936	0.4037481400252463
936	917	0.4037481400252463
628	917	0.403557726078561
917	628	0.403557726078561
152	917	0.40339788931024834
917	152	0.40339788931024834
875	917	0.4031737402436075
917	875	0.4031737402436075
108	917	0.4031688660089443
917	108	0.4031688660089443
167	917	0.4031362247809416
917	167	0.4031362247809416
303	917	0.4030981062593979
917	303	0.4030981062593979
56	917	0.40307963894223153
917	56	0.40307963894223153
793	917	0.4029790686841641
917	793	0.4029790686841641
766	917	0.40292034076071515
917	766	0.40292034076071515
758	917	0.4027494599396013
917	758	0.4027494599396013
191	917	0.4026687215204139
917	191	0.4026687215204139
578	917	0.40255853731764946
917	578	0.40255853731764946
57	917	0.40249730296539665
917	57	0.40249730296539665
582	917	0.4023818171315148
917	582	0.4023818171315148
644	917	0.40226945370537104
917	644	0.40226945370537104
588	917	0.4021699920580226
917	588	0.4021699920580226
172	917	0.4021296805741579
917	172	0.4021296805741579
917	930	0.402071403950083
930	917	0.402071403950083
564	917	0.402002360218235
917	564	0.402002360218235
904	917	0.4019508926267499
917	904	0.4019508926267499
634	917	0.40192424854778097
917	634	0.40192424854778097
468	917	0.4018890111034581
917	468	0.4018890111034581
551	917	0.4018563880251844
917	551	0.4018563880251844
184	917	0.4017997088781198
917	184	0.4017997088781198
641	917	0.4017794790802345
917	641	0.4017794790802345
183	917	0.40176253391821115
917	183	0.40176253391821115
306	917	0.4016580984992637
917	306	0.4016580984992637
133	917	0.4015693004215726
917	133	0.4015693004215726
18	917	0.4015650125061314
917	18	0.4015650125061314
886	917	0.4015419068973476
917	886	0.4015419068973476
4	917	0.40144401405411667
917	4	0.40144401405411667
917	942	0.40142696131068534
942	917	0.40142696131068534
576	917	0.4012752877461716
917	576	0.4012752877461716
830	917	0.40119528116625514
917	830	0.40119528116625514
44	917	0.4010935596502947
917	44	0.4010935596502947
258	917	0.40106739544286185
917	258	0.40106739544286185
75	917	0.4009485149317673
917	75	0.4009485149317673
139	917	0.4009082170531246
917	139	0.4009082170531246
558	917	0.4008672125075088
917	558	0.4008672125075088
632	917	0.40083634181125505
917	632	0.40083634181125505
859	917	0.40076218000216635
917	859	0.40076218000216635
892	917	0.4006514883985375
917	892	0.4006514883985375
19	917	0.400584873753969
917	19	0.400584873753969
102	917	0.4005731457566928
917	102	0.4005731457566928
490	917	0.40038317363172804
917	490	0.40038317363172804
384	917	0.4000740364247124
917	384	0.4000740364247124
739	917	0.4000386500486377
917	739	0.4000386500486377
68	917	0.39989659243252573
917	68	0.39989659243252573
778	917	0.399894257949593
917	778	0.399894257949593
123	917	0.3998682330056993
917	123	0.3998682330056993
872	917	0.39979687884896253
917	872	0.39979687884896253
348	917	0.3997758453564748
917	348	0.3997758453564748
190	917	0.3995427535028324
917	190	0.3995427535028324
330	917	0.39941219492678415
917	330	0.39941219492678415
266	917	0.39933745551283595
917	266	0.39933745551283595
709	917	0.39927146758052023
917	709	0.39927146758052023
54	917	0.3992547937776221
917	54	0.3992547937776221
538	917	0.3990692765006041
917	538	0.3990692765006041
263	917	0.39906104506896667
917	263	0.39906104506896667
308	917	0.39902431034513763
917	308	0.39902431034513763
250	917	0.39899367888570425
917	250	0.39899367888570425
550	917	0.39898733714264045
917	550	0.39898733714264045
651	917	0.39890208729652077
917	651	0.39890208729652077
687	917	0.39888074051517797
917	687	0.39888074051517797
678	917	0.39885414890327375
917	678	0.39885414890327375
3	917	0.39883229599624026
917	3	0.39883229599624026
292	917	0.398761930325199
917	292	0.398761930325199
712	917	0.39872862506579354
917	712	0.39872862506579354
642	917	0.39857100849358007
917	642	0.39857100849358007
73	917	0.39856643864814756
917	73	0.39856643864814756
268	917	0.3984580590987119
917	268	0.3984580590987119
316	917	0.3984552155780372
917	316	0.3984552155780372
89	917	0.39841867435913714
917	89	0.39841867435913714
298	917	0.3984002016730026
917	298	0.3984002016730026
62	917	0.39838727406563046
917	62	0.39838727406563046
255	917	0.39832022835813685
917	255	0.39832022835813685
30	917	0.398227006334368
917	30	0.398227006334368
639	917	0.3981945538018903
708	917	0.39814067109436935
917	708	0.39814067109436935
313	917	0.39809047109434803
917	313	0.39809047109434803
780	917	0.39807069493060054
917	780	0.39807069493060054
750	917	0.39795499536890855
917	750	0.39795499536890855
742	917	0.39774545864640376
917	742	0.39774545864640376
917	944	0.39773828099544306
944	917	0.39773828099544306
567	917	0.3977354680669085
917	567	0.3977354680669085
782	917	0.39766284404310004
917	782	0.39766284404310004
763	917	0.39761723598312537
917	763	0.39761723598312537
682	917	0.39760636148662587
917	682	0.39760636148662587
597	917	0.3975343082554432
917	597	0.3975343082554432
243	917	0.39750949163319027
917	243	0.39750949163319027
489	917	0.3974234554152585
917	489	0.3974234554152585
212	917	0.3973004381494065
917	212	0.3973004381494065
218	917	0.3972308670963045
917	218	0.3972308670963045
556	917	0.397208755172445
917	556	0.397208755172445
881	917	0.3972084249658532
917	881	0.3972084249658532
686	917	0.3971956588683112
917	686	0.3971956588683112
118	917	0.39711291523344383
917	118	0.39711291523344383
796	917	0.397017983477995
917	796	0.397017983477995
53	917	0.3969995166170004
917	53	0.3969995166170004
222	917	0.3967878363468522
917	222	0.3967878363468522
873	917	0.3966386158071533
917	873	0.3966386158071533
175	917	0.39662481765652613
917	175	0.39662481765652613
674	917	0.39662368622379507
917	674	0.39662368622379507
21	917	0.3965326722910787
917	21	0.3965326722910787
328	917	0.39643420013256914
917	328	0.39643420013256914
917	935	0.3964253192912768
935	917	0.3964253192912768
672	917	0.39638685427108955
917	672	0.39638685427108955
828	917	0.3963856412791804
917	828	0.3963856412791804
486	917	0.39637974227166284
917	486	0.39637974227166284
58	917	0.3962491171308298
917	58	0.3962491171308298
375	917	0.3962168640393089
917	375	0.3962168640393089
122	917	0.39614004438727846
917	122	0.39614004438727846
722	917	0.39597681343317537
917	722	0.39597681343317537
315	917	0.3959042102839867
917	315	0.3959042102839867
560	917	0.3958342459436739
917	560	0.3958342459436739
193	917	0.39575612230991064
917	193	0.39575612230991064
809	917	0.3957017995623757
917	809	0.3957017995623757
518	917	0.39565442549811625
917	518	0.39565442549811625
380	917	0.3956480294681044
917	380	0.3956480294681044
367	917	0.39550096093939313
917	367	0.39550096093939313
554	917	0.3954276446992506
917	554	0.3954276446992506
361	917	0.3953887029638363
917	361	0.3953887029638363
121	917	0.39525715801021644
917	121	0.39525715801021644
26	917	0.395096492266811
917	26	0.395096492266811
482	917	0.3950694696662669
917	482	0.3950694696662669
92	917	0.3950661067913577
917	92	0.3950661067913577
549	917	0.39504838195158465
562	917	0.39502549940925613
917	562	0.39502549940925613
357	917	0.39500699598957834
917	357	0.39500699598957834
545	917	0.3949968913484583
917	545	0.3949968913484583
52	917	0.3949132018912622
917	52	0.3949132018912622
581	917	0.39490043903777017
917	581	0.39490043903777017
382	917	0.39489744377481006
917	382	0.39489744377481006
933	953	0.39483029338509734
953	933	0.39483029338509734
142	917	0.39478346740613346
917	142	0.39478346740613346
135	917	0.3946614833959716
917	135	0.3946614833959716
516	917	0.3945783235849314
917	516	0.3945783235849314
917	928	0.39456552674316425
928	917	0.39456552674316425
257	917	0.3945528346813274
917	257	0.3945528346813274
917	939	0.3944793276711447
939	917	0.3944793276711447
529	917	0.39444825030243935
917	529	0.39444825030243935
173	917	0.39442377400103346
917	173	0.39442377400103346
341	917	0.3943803307383231
917	341	0.3943803307383231
66	917	0.3943497397890141
917	66	0.3943497397890141
202	917	0.39430197576273396
917	202	0.39430197576273396
112	917	0.39422928116607836
917	112	0.39422928116607836
354	917	0.394023532055473
917	354	0.394023532055473
402	917	0.3940229925524661
917	402	0.3940229925524661
887	917	0.39401296997259494
917	887	0.39401296997259494
610	917	0.3939943027171178
917	610	0.3939943027171178
467	917	0.39398559396816957
917	467	0.39398559396816957
48	917	0.39390191455534707
917	48	0.39390191455534707
846	917	0.3938559546439977
917	846	0.3938559546439977
362	917	0.39385436467420964
917	362	0.39385436467420964
561	917	0.39385148527688774
917	561	0.39385148527688774
788	917	0.3938009891892944
917	788	0.3938009891892944
539	917	0.39377432123980416
917	539	0.39377432123980416
680	917	0.39377226465304815
917	680	0.39377226465304815
498	917	0.3937316003217277
917	498	0.3937316003217277
109	917	0.39372539158893294
917	109	0.39372539158893294
517	917	0.39368564755373403
917	517	0.39368564755373403
888	917	0.3936782817838518
917	888	0.3936782817838518
635	917	0.39365651430156334
917	635	0.39365651430156334
110	917	0.3936466764358013
917	110	0.3936466764358013
177	917	0.39355145659777446
917	177	0.39355145659777446
7	917	0.39351538034170663
917	7	0.39351538034170663
355	917	0.3934287581397826
917	355	0.3934287581397826
38	917	0.3933645298918038
917	38	0.3933645298918038
59	917	0.3933215982013689
917	59	0.3933215982013689
889	917	0.3933193684645251
917	889	0.3933193684645251
9	917	0.39326249652840906
917	9	0.39326249652840906
326	917	0.3932012179548148
917	326	0.3932012179548148
119	917	0.3931573664674859
917	119	0.3931573664674859
325	917	0.3931021387098894
917	325	0.3931021387098894
27	917	0.39305489355692824
917	27	0.39305489355692824
377	917	0.39300407774081947
917	377	0.39300407774081947
174	917	0.39293362144229915
917	174	0.39293362144229915
874	917	0.3929211022782799
917	874	0.3929211022782799
584	917	0.3928821144120176
917	584	0.3928821144120176
509	917	0.39287072352769137
917	509	0.39287072352769137
794	917	0.39270688526472
917	794	0.39270688526472
812	917	0.39267529065874096
917	812	0.39267529065874096
385	917	0.3926743270574178
917	385	0.3926743270574178
829	917	0.3926551197181425
917	829	0.3926551197181425
573	917	0.39262013668278817
917	573	0.39262013668278817
900	917	0.39241614880054465
917	900	0.39241614880054465
424	917	0.3923657141062835
917	424	0.3923657141062835
267	917	0.3922287416574983
917	267	0.3922287416574983
155	917	0.39214367323434995
917	155	0.39214367323434995
201	917	0.39214068183182693
917	201	0.39214068183182693
226	917	0.3918621899914956
917	226	0.3918621899914956
284	917	0.39178491336351984
917	284	0.39178491336351984
379	917	0.39167299895488084
917	379	0.39167299895488084
755	917	0.3916626324691823
917	755	0.3916626324691823
420	917	0.39165157378488935
917	420	0.39165157378488935
891	917	0.3916231739151772
917	891	0.3916231739151772
200	917	0.3915502139271958
917	200	0.3915502139271958
29	917	0.3914940489020238
917	29	0.3914940489020238
282	917	0.3914305694492317
917	282	0.3914305694492317
86	917	0.3913983608122018
917	86	0.3913983608122018
907	917	0.391391956601266
917	907	0.391391956601266
602	917	0.3913279663019922
917	602	0.3913279663019922
614	917	0.3910873480826771
917	614	0.3910873480826771
134	917	0.3910217741011215
917	134	0.3910217741011215
668	917	0.39102030587835324
917	668	0.39102030587835324
261	917	0.390994056410634
917	261	0.390994056410634
876	917	0.3908234046354431
917	876	0.3908234046354431
842	917	0.39076579848597537
917	842	0.39076579848597537
587	917	0.39059284242519676
917	587	0.39059284242519676
34	917	0.39054765988618656
917	34	0.39054765988618656
673	917	0.3905403386226487
917	673	0.3905403386226487
633	917	0.3905248975558677
917	633	0.3905248975558677
645	917	0.39046773500106857
917	645	0.39046773500106857
620	917	0.3904501038354331
917	620	0.3904501038354331
848	917	0.39034530770903486
917	848	0.39034530770903486
203	917	0.3903301877208525
917	203	0.3903301877208525
787	917	0.39027995749164757
917	787	0.39027995749164757
496	917	0.39023630168511936
917	496	0.39023630168511936
838	917	0.3901677997570281
917	838	0.3901677997570281
381	917	0.3901479128976446
917	381	0.3901479128976446
543	917	0.390069990113628
917	543	0.390069990113628
442	917	0.39004058697371735
917	442	0.39004058697371735
500	917	0.39002804334660324
917	500	0.39002804334660324
537	917	0.3900042960503236
917	537	0.3900042960503236
272	917	0.3899099804021844
917	272	0.3899099804021844
69	917	0.38983809003932124
917	69	0.38983809003932124
11	917	0.3898276757084842
917	11	0.3898276757084842
497	917	0.3898006258568778
917	497	0.3898006258568778
503	917	0.38979233187404794
917	503	0.38979233187404794
636	917	0.38976087373738477
917	636	0.38976087373738477
469	917	0.3897544134745323
917	469	0.3897544134745323
397	917	0.38974512339599143
917	397	0.38974512339599143
779	917	0.38971980000236184
917	779	0.38971980000236184
882	917	0.38962760588260714
917	882	0.38962760588260714
616	917	0.3895329003886836
917	616	0.3895329003886836
182	917	0.38951085117029116
917	182	0.38951085117029116
145	917	0.3894064102193955
917	145	0.3894064102193955
732	917	0.3891964104789063
917	732	0.3891964104789063
353	917	0.38903325778657116
917	353	0.38903325778657116
93	917	0.38890736541296667
917	93	0.38890736541296667
220	917	0.38877405563414547
917	220	0.38877405563414547
324	917	0.38868421701544587
917	324	0.38868421701544587
214	917	0.3886721676201135
917	214	0.3886721676201135
613	917	0.3886072837512802
917	613	0.3886072837512802
318	917	0.38857248065124406
917	318	0.38857248065124406
591	917	0.3885274735309323
917	591	0.3885274735309323
14	917	0.3884949622741698
917	14	0.3884949622741698
356	917	0.3882809725414684
917	356	0.3882809725414684
760	917	0.3881986174034129
917	760	0.3881986174034129
271	917	0.3881617250287006
917	271	0.3881617250287006
125	917	0.38811592127320993
917	125	0.38811592127320993
242	917	0.388104943538333
917	242	0.388104943538333
194	917	0.38802570746734455
917	194	0.38802570746734455
753	917	0.38801576827205775
917	753	0.38801576827205775
332	917	0.38801325215839144
917	332	0.38801325215839144
63	917	0.38784688784361876
917	63	0.38784688784361876
658	917	0.3878174816639597
917	658	0.3878174816639597
111	917	0.38780083795812303
917	111	0.38780083795812303
130	917	0.3877338246205415
917	130	0.3877338246205415
55	917	0.3876807163673648
917	55	0.3876807163673648
571	917	0.38762350837371784
917	571	0.38762350837371784
822	917	0.3876086759109485
917	822	0.3876086759109485
40	917	0.38758062396078574
917	40	0.38758062396078574
120	917	0.3874540736064216
917	120	0.3874540736064216
360	917	0.3873906736930772
917	360	0.3873906736930772
507	917	0.38727092226458804
917	507	0.38727092226458804
917	940	0.38725430878966294
940	917	0.38725430878966294
583	917	0.38723346174179407
917	583	0.38723346174179407
704	917	0.38720766781176397
917	704	0.38720766781176397
143	917	0.38720171348484556
917	143	0.38720171348484556
833	917	0.3870868528152569
917	833	0.3870868528152569
711	917	0.38690487224451586
322	917	0.38688368342551427
917	322	0.38688368342551427
738	917	0.38687194625393895
917	738	0.38687194625393895
240	917	0.386796847599838
917	240	0.386796847599838
883	917	0.3867894208861469
917	883	0.3867894208861469
265	917	0.3867462815804774
917	265	0.3867462815804774
87	917	0.3867424933825814
917	87	0.3867424933825814
180	917	0.3866873872372667
917	180	0.3866873872372667
427	917	0.3866261875771364
917	427	0.3866261875771364
72	917	0.38651476257073525
917	72	0.38651476257073525
297	917	0.3864179518521771
917	297	0.3864179518521771
650	917	0.3863975584069723
917	650	0.3863975584069723
557	917	0.386317316820292
917	557	0.386317316820292
225	917	0.3862774745755013
917	225	0.3862774745755013
280	917	0.38618213172839244
917	280	0.38618213172839244
681	917	0.38608323796902333
917	681	0.38608323796902333
795	917	0.3860211995839449
917	795	0.3860211995839449
137	917	0.3858984653670643
917	137	0.3858984653670643
595	917	0.38582813587257747
917	595	0.38582813587257747
897	917	0.38577580643697673
917	897	0.38577580643697673
836	917	0.3857048857080081
917	836	0.3857048857080081
850	917	0.38567590934506435
917	850	0.38567590934506435
185	917	0.38550085547228363
917	185	0.38550085547228363
670	917	0.38524227834808755
917	670	0.38524227834808755
277	917	0.3847752228203236
917	277	0.3847752228203236
156	917	0.3847024364123748
917	156	0.3847024364123748
421	917	0.3846877019070849
917	421	0.3846877019070849
22	917	0.38465385517608053
917	22	0.38465385517608053
638	917	0.3845353712834314
917	638	0.3845353712834314
237	917	0.38447221421202116
917	237	0.38447221421202116
785	917	0.38446175078598244
917	785	0.38446175078598244
366	917	0.3844614130919435
917	366	0.3844614130919435
654	917	0.38445145280635296
917	654	0.38445145280635296
863	917	0.38432998325670753
917	863	0.38432998325670753
477	917	0.38420505441827446
917	477	0.38420505441827446
703	917	0.3841049451960721
917	703	0.3841049451960721
504	917	0.3840135755325069
917	504	0.3840135755325069
221	917	0.38387896360650386
917	221	0.38387896360650386
163	917	0.38363235290704
917	163	0.38363235290704
376	917	0.38362224300250825
917	376	0.38362224300250825
311	917	0.38353331848958794
917	311	0.38353331848958794
593	917	0.38352408489640144
917	593	0.38352408489640144
253	917	0.3833780023637414
917	253	0.3833780023637414
78	917	0.38331999371424197
917	78	0.38331999371424197
519	917	0.38329605337339845
917	519	0.38329605337339845
168	917	0.38320425167018524
917	168	0.38320425167018524
127	917	0.3831770173791833
917	127	0.3831770173791833
296	917	0.3831258817613499
917	296	0.3831258817613499
15	917	0.3831068225920802
917	15	0.3831068225920802
505	917	0.38308322984619947
917	505	0.38308322984619947
657	917	0.3830741067189811
917	657	0.3830741067189811
757	917	0.38296418767772433
917	757	0.38296418767772433
403	917	0.3828763823700492
917	403	0.3828763823700492
310	917	0.38287475847579056
917	310	0.38287475847579056
101	917	0.3828563479736571
917	101	0.3828563479736571
884	917	0.38278866966000447
917	884	0.38278866966000447
521	917	0.3827118097921416
917	521	0.3827118097921416
605	917	0.38247376100124564
917	605	0.38247376100124564
933	948	0.38244452757282343
948	933	0.38244452757282343
241	917	0.38242535199772454
917	241	0.38242535199772454
536	917	0.3824028281621763
917	536	0.3824028281621763
254	917	0.38229646210432744
917	254	0.38229646210432744
736	917	0.3822008481082271
917	736	0.3822008481082271
679	917	0.3819347240058806
917	679	0.3819347240058806
407	917	0.38177642994726835
917	407	0.38177642994726835
825	917	0.38174850279136985
917	825	0.38174850279136985
287	917	0.38174014172513204
917	287	0.38174014172513204
811	917	0.3817299093541666
917	811	0.3817299093541666
734	917	0.3815292010357474
917	734	0.3815292010357474
917	855	0.38146216621116746
371	917	0.3813757245434739
917	371	0.3813757245434739
648	917	0.3813325146518689
917	648	0.3813325146518689
523	917	0.3809117677599603
917	523	0.3809117677599603
652	917	0.3809043876795697
917	652	0.3809043876795697
637	917	0.38080021238590245
917	637	0.38080021238590245
383	917	0.3807642913845488
917	383	0.3807642913845488
810	917	0.38060122124752516
917	810	0.38060122124752516
478	917	0.38055612427095964
917	478	0.38055612427095964
274	917	0.38050185779771306
917	274	0.38050185779771306
162	917	0.3804215820741663
917	162	0.3804215820741663
343	917	0.38039901929663467
917	343	0.38039901929663467
608	917	0.3803444826338336
917	608	0.3803444826338336
577	917	0.3802072793330662
917	577	0.3802072793330662
209	917	0.3801863127827181
917	209	0.3801863127827181
618	917	0.3801318616013176
917	618	0.3801318616013176
520	917	0.3801090323251972
917	520	0.3801090323251972
391	917	0.3800994726834681
917	391	0.3800994726834681
792	917	0.3800556765800238
917	792	0.3800556765800238
685	917	0.3800130478735195
917	685	0.3800130478735195
154	917	0.3798985347101165
917	154	0.3798985347101165
604	917	0.3798161413946828
917	604	0.3798161413946828
589	917	0.37968513583274666
917	589	0.37968513583274666
630	917	0.3796768839097231
917	630	0.3796768839097231
844	917	0.3796624962731705
917	844	0.3796624962731705
198	917	0.37960141078306564
917	198	0.37960141078306564
479	917	0.37954872310679444
917	479	0.37954872310679444
329	917	0.37937289237700034
917	329	0.37937289237700034
314	917	0.37936504564099627
917	314	0.37936504564099627
79	917	0.3793564273457761
917	79	0.3793564273457761
798	917	0.3790040060957838
917	798	0.3790040060957838
395	917	0.3789361551194459
917	395	0.3789361551194459
905	917	0.3788960016610414
917	905	0.3788960016610414
372	917	0.37874960203939545
917	372	0.37874960203939545
128	917	0.3786734562135614
917	128	0.3786734562135614
169	917	0.37860009712383236
917	169	0.37860009712383236
238	917	0.3785273851675419
917	238	0.3785273851675419
499	917	0.3785127577869225
917	499	0.3785127577869225
437	917	0.377919259090028
917	437	0.377919259090028
33	917	0.37791113505593166
917	33	0.37791113505593166
365	917	0.3778169403122289
917	365	0.3778169403122289
364	917	0.37776096282031224
917	364	0.37776096282031224
440	917	0.3776807787830718
917	440	0.3776807787830718
813	917	0.3776183125069901
917	813	0.3776183125069901
436	917	0.37759300617816915
917	436	0.37759300617816915
41	917	0.3775706348607746
917	41	0.3775706348607746
179	917	0.37748680952350355
917	179	0.37748680952350355
413	917	0.37742317534477743
917	413	0.37742317534477743
25	917	0.37728034207989314
917	25	0.37728034207989314
161	917	0.3770531431356605
917	161	0.3770531431356605
394	917	0.37688399954554774
917	394	0.37688399954554774
144	917	0.37677701892698123
917	144	0.37677701892698123
204	917	0.37656980316762545
917	204	0.37656980316762545
815	917	0.3765183161858001
917	815	0.3765183161858001
721	917	0.376458503778893
917	721	0.376458503778893
511	917	0.37637470902913317
917	511	0.37637470902913317
534	917	0.3761088605171248
917	534	0.3761088605171248
90	917	0.3760582490718465
917	90	0.3760582490718465
117	917	0.37605048384279116
917	117	0.37605048384279116
151	917	0.37597999714803576
917	151	0.37597999714803576
821	917	0.3759769799764672
917	821	0.3759769799764672
340	917	0.37574680325256105
917	340	0.37574680325256105
804	917	0.3756936282840553
917	804	0.3756936282840553
393	917	0.3756896919311552
917	393	0.3756896919311552
816	917	0.37560590033688346
917	816	0.37560590033688346
294	917	0.3755869578276212
917	294	0.3755869578276212
548	917	0.37558491231861924
917	548	0.37558491231861924
278	917	0.37547491803806166
917	278	0.37547491803806166
699	917	0.3754540066472418
917	699	0.3754540066472418
275	917	0.37518402558670205
917	275	0.37518402558670205
824	917	0.3751120513495647
917	824	0.3751120513495647
245	917	0.3750561575446665
917	245	0.3750561575446665
249	917	0.37483901098973016
917	249	0.37483901098973016
24	917	0.3746450227727578
917	24	0.3746450227727578
170	917	0.37459596981514776
917	170	0.37459596981514776
619	917	0.3745830598006077
917	619	0.3745830598006077
229	917	0.37451106147911606
917	229	0.37451106147911606
661	917	0.37450714670034935
917	661	0.37450714670034935
835	917	0.37450650307558786
917	835	0.37450650307558786
579	917	0.37448787056178845
917	579	0.37448787056178845
653	917	0.3744523830195645
917	653	0.3744523830195645
386	917	0.3743778496204335
917	386	0.3743778496204335
762	917	0.37430131793973165
917	762	0.37430131793973165
346	917	0.3742989765548894
917	346	0.3742989765548894
291	917	0.37428902988766044
917	291	0.37428902988766044
752	917	0.37428758205458035
917	752	0.37428758205458035
327	917	0.3740818831334858
917	327	0.3740818831334858
786	917	0.3738117070795708
917	786	0.3738117070795708
126	917	0.373776479330195
917	126	0.373776479330195
285	917	0.37371596943942387
917	285	0.37371596943942387
141	917	0.37367781941833234
917	141	0.37367781941833234
493	917	0.37351728023852226
917	493	0.37351728023852226
178	917	0.37336438966457974
917	178	0.37336438966457974
625	917	0.37321327562483386
917	625	0.37321327562483386
533	917	0.3728711735761905
917	533	0.3728711735761905
867	917	0.3728214164961712
917	867	0.3728214164961712
412	917	0.37275349493676835
917	412	0.37275349493676835
669	917	0.3726254784489982
917	669	0.3726254784489982
446	917	0.3724372435804262
917	446	0.3724372435804262
483	917	0.37202873574108275
917	483	0.37202873574108275
400	917	0.3718131063143484
917	400	0.3718131063143484
103	917	0.371729784621891
917	103	0.371729784621891
259	917	0.3716211234658897
917	259	0.3716211234658897
754	917	0.37155889532465713
917	754	0.37155889532465713
153	917	0.37152895204209635
917	153	0.37152895204209635
512	917	0.37147979043468293
917	512	0.37147979043468293
510	917	0.3714362779635185
917	510	0.3714362779635185
705	917	0.37125185903347124
917	705	0.37125185903347124
903	917	0.3712385268324563
917	903	0.3712385268324563
717	917	0.3711512843735201
917	717	0.3711512843735201
649	917	0.3711454228514195
917	649	0.3711454228514195
737	917	0.3710413389255296
917	737	0.3710413389255296
692	917	0.37095422326801275
917	692	0.37095422326801275
197	917	0.3709139974036102
917	197	0.3709139974036102
740	917	0.37090555490375854
917	740	0.37090555490375854
857	917	0.37070801212258475
917	857	0.37070801212258475
106	917	0.3705657571943728
917	106	0.3705657571943728
601	917	0.3705578019789204
917	601	0.3705578019789204
251	917	0.37026453969975837
917	251	0.37026453969975837
599	917	0.36994050817208524
917	599	0.36994050817208524
768	917	0.3696289361506515
917	768	0.3696289361506515
598	917	0.369545121476583
917	598	0.369545121476583
600	917	0.3693693001865981
917	600	0.3693693001865981
104	917	0.3691966417157384
917	104	0.3691966417157384
81	917	0.3690634124315042
917	81	0.3690634124315042
39	917	0.36900082256766
917	39	0.36900082256766
20	917	0.3689171945848846
917	20	0.3689171945848846
515	917	0.36890900612976574
917	515	0.36890900612976574
157	917	0.36874515389805884
917	157	0.36874515389805884
233	917	0.3686648115438629
917	233	0.3686648115438629
252	917	0.36862448168626427
917	252	0.36862448168626427
735	917	0.36842209945359383
917	735	0.36842209945359383
526	917	0.36823953575086366
917	526	0.36823953575086366
235	917	0.36808655609492935
917	235	0.36808655609492935
765	917	0.36793434148666915
917	765	0.36793434148666915
132	917	0.3677402825889049
917	132	0.3677402825889049
50	917	0.367712931740787
917	50	0.367712931740787
289	917	0.3674344200038355
917	289	0.3674344200038355
439	917	0.36677076470833714
917	439	0.36677076470833714
224	917	0.3667536213832481
917	224	0.3667536213832481
611	917	0.36661105080545764
917	611	0.36661105080545764
749	917	0.366451600300298
917	749	0.366451600300298
453	917	0.3661331346641348
917	453	0.3661331346641348
70	917	0.36585091131841807
917	70	0.36585091131841807
802	917	0.365825206496444
917	802	0.365825206496444
455	917	0.3653308060015745
917	455	0.3653308060015745
76	917	0.36507049931015145
917	76	0.36507049931015145
404	917	0.36462681843060407
917	404	0.36462681843060407
877	917	0.36444215507472566
917	877	0.36444215507472566
80	917	0.36442199908671125
917	80	0.36442199908671125
860	917	0.36424519607050443
917	860	0.36424519607050443
288	917	0.36413895987516764
917	288	0.36413895987516764
697	917	0.36409715074742843
917	697	0.36409715074742843
433	917	0.36403583870969314
917	433	0.36403583870969314
148	917	0.36377143863790096
917	148	0.36377143863790096
98	917	0.36359500930827426
917	98	0.36359500930827426
862	917	0.3632661018014922
917	862	0.3632661018014922
387	917	0.3632140123085299
917	387	0.3632140123085299
208	917	0.36307376623410814
917	208	0.36307376623410814
304	917	0.36295152780340034
917	304	0.36295152780340034
868	917	0.36281508574407306
917	868	0.36281508574407306
700	933	0.3622319994051515
933	700	0.3622319994051515
399	917	0.36221737115814645
917	399	0.36221737115814645
248	917	0.3620118614044945
917	248	0.3620118614044945
188	917	0.3612998522734405
917	188	0.3612998522734405
894	917	0.3611704343873625
917	894	0.3611704343873625
390	917	0.36116659430595677
917	390	0.36116659430595677
851	917	0.3611149091967778
917	851	0.3611149091967778
917	929	0.36094569982508906
929	917	0.36094569982508906
301	917	0.3605661209152178
917	301	0.3605661209152178
369	917	0.3603143617329989
917	369	0.3603143617329989
422	917	0.3602066755004911
917	422	0.3602066755004911
435	917	0.3600405660949073
917	435	0.3600405660949073
36	917	0.3600279458306326
917	36	0.3600279458306326
85	917	0.3599414312022602
917	85	0.3599414312022602
342	917	0.35992066011865775
917	342	0.35992066011865775
305	917	0.35960625359458387
917	305	0.35960625359458387
171	917	0.3592313990755567
917	171	0.3592313990755567
730	917	0.35841819736511193
917	730	0.35841819736511193
215	917	0.3577381482769446
917	215	0.3577381482769446
612	917	0.35765232492562227
917	612	0.35765232492562227
129	917	0.35724349538767
917	129	0.35724349538767
832	917	0.35713942270474175
917	832	0.35713942270474175
917	946	0.3570355157253724
946	917	0.3570355157253724
147	917	0.35701708363306817
917	147	0.35701708363306817
751	917	0.35695223681940136
917	751	0.35695223681940136
396	917	0.35607123333428503
917	396	0.35607123333428503
841	917	0.3559065191746851
917	841	0.3559065191746851
337	917	0.3558424826424682
917	337	0.3558424826424682
273	917	0.3556176618046998
917	273	0.3556176618046998
401	917	0.35546775048102286
917	401	0.35546775048102286
17	917	0.3550057132762674
917	17	0.3550057132762674
181	917	0.35366774530681333
917	181	0.35366774530681333
392	917	0.35289538624592565
917	392	0.35289538624592565
484	917	0.3524892854489292
917	484	0.3524892854489292
933	941	0.35239051097675245
941	933	0.35239051097675245
826	917	0.3522959981518212
917	826	0.3522959981518212
158	917	0.35216222754187676
917	158	0.35216222754187676
885	917	0.35199221108267875
917	885	0.35199221108267875
338	917	0.35183854865261766
917	338	0.35183854865261766
131	917	0.35123538746805605
917	131	0.35123538746805605
823	917	0.35110703739359717
917	823	0.35110703739359717
555	917	0.34857287774668366
917	555	0.34857287774668366
606	917	0.3468672085501072
917	606	0.3468672085501072
820	917	0.34658779304386744
917	820	0.34658779304386744
761	917	0.34404002398977096
917	761	0.34404002398977096
51	917	0.3432743177931432
917	51	0.3432743177931432
116	917	0.34241441095952263
917	116	0.34241441095952263
115	917	0.3424136509657809
917	115	0.3424136509657809
91	917	0.3415309655610663
917	91	0.3415309655610663
244	917	0.3413505331411901
917	244	0.3413505331411901
814	917	0.3404681429809102
917	814	0.3404681429809102
227	917	0.3403779728244223
917	227	0.3403779728244223
279	917	0.339294284312462
917	279	0.339294284312462
808	917	0.33807026704254683
917	808	0.33807026704254683
430	917	0.3371914913623921
917	430	0.3371914913623921
416	917	0.33667277901575887
917	416	0.33667277901575887
457	917	0.3362288166880294
917	457	0.3362288166880294
677	917	0.3331570260490644
917	677	0.3331570260490644
777	917	0.3328942758529807
917	777	0.3328942758529807
176	917	0.3328353557539476
917	176	0.3328353557539476
408	917	0.3326268866628259
917	408	0.3326268866628259
710	917	0.3318131116498886
917	710	0.3318131116498886
217	917	0.3311920463520306
917	217	0.3311920463520306
878	917	0.3307771992826314
917	878	0.3307771992826314
495	917	0.3303936172088002
917	495	0.3303936172088002
676	917	0.3283395932111637
917	676	0.3283395932111637
124	917	0.32709250586920513
917	124	0.32709250586920513
466	917	0.32610281576038735
917	466	0.32610281576038735
223	917	0.325330369633541
917	223	0.325330369633541
299	917	0.3239762420408119
917	299	0.3239762420408119
522	917	0.3222784898796267
917	522	0.3222784898796267
491	917	0.3221397638796377
917	491	0.3221397638796377
683	917	0.32165316498438545
917	683	0.32165316498438545
405	917	0.3184062012153588
917	405	0.3184062012153588
917	950	0.31796943885391293
950	917	0.31796943885391293
411	917	0.31520316038115115
917	411	0.31520316038115115
781	917	0.3148347665975233
917	781	0.3148347665975233
933	951	0.31443651376150594
951	933	0.31443651376150594
917	943	0.3131876428012925
943	917	0.3131876428012925
344	917	0.31209219057729354
917	344	0.31209219057729354
933	952	0.3091740356260757
952	933	0.3091740356260757
913	917	0.3040504686401688
917	913	0.3040504686401688
506	917	0.3029380207414132
917	506	0.3029380207414132
159	917	0.3026578876747119
917	159	0.3026578876747119
334	917	0.3013171862984483
917	334	0.3013171862984483
246	917	0.3007561031981174
917	246	0.3007561031981174
817	917	0.29446937958099295
917	817	0.29446937958099295
714	917	0.2943501058912208
917	714	0.2943501058912208
525	917	0.2942572078357879
917	525	0.2942572078357879
456	917	0.29284548194609084
917	456	0.29284548194609084
845	917	0.2922151717373076
917	845	0.2922151717373076
460	917	0.29124985103389167
917	460	0.29124985103389167
933	955	0.28950601886361715
955	933	0.28950601886361715
746	917	0.28945898333608033
917	746	0.28945898333608033
910	933	0.2872297682697602
933	910	0.2872297682697602
715	917	0.28643294621881976
917	715	0.28643294621881976
83	917	0.2860076421812494
917	83	0.2860076421812494
331	917	0.2844980049922643
917	331	0.2844980049922643
706	917	0.28082223836579456
917	706	0.28082223836579456
701	917	0.27742814784469294
917	701	0.27742814784469294
837	917	0.2760394251636944
917	837	0.2760394251636944
368	933	0.2728910302178056
933	368	0.2728910302178056
199	917	0.27264854985888753
917	199	0.27264854985888753
933	949	0.2716883161268653
949	933	0.2716883161268653
933	947	0.2679830545862323
947	933	0.2679830545862323
406	933	0.2677092780126398
933	406	0.2677092780126398
450	917	0.2647407426291364
917	450	0.2647407426291364
622	917	0.26452533505988884
917	622	0.26452533505988884
879	933	0.2631089471515804
933	879	0.2631089471515804
339	917	0.26251599641155376
917	339	0.26251599641155376
847	933	0.2598852689759539
933	847	0.2598852689759539
925	933	0.2597068518831289
933	925	0.2597068518831289
474	933	0.25957360292196396
933	474	0.25957360292196396
462	917	0.258464189456308
917	462	0.258464189456308
666	933	0.25593165308232146
933	666	0.25593165308232146
471	917	0.25494823083749596
917	471	0.25494823083749596
880	917	0.2538608138782741
917	880	0.2538608138782741
463	917	0.2536988038929211
917	463	0.2536988038929211
572	917	0.2526399932761554
917	572	0.2526399932761554
458	917	0.25139056210459976
917	458	0.25139056210459976
932	933	0.2497964662988017
933	932	0.2497964662988017
924	933	0.24464736233382078
933	924	0.24464736233382078
767	933	0.24198862994699932
933	767	0.24198862994699932
923	933	0.23843761895425275
933	923	0.23843761895425275
276	933	0.2367262938876209
933	276	0.2367262938876209
603	933	0.23615403651542222
933	603	0.23615403651542222
449	917	0.2356374999370474
917	449	0.2356374999370474
953	914	0.23398843034659644
624	933	0.23194093205238198
933	624	0.23194093205238198
773	917	0.23190444974173108
917	773	0.23190444974173108
726	933	0.22950615954502984
933	726	0.22950615954502984
447	933	0.22819297423947793
933	447	0.22819297423947793
107	933	0.22738639656627035
933	107	0.22738639656627035
693	917	0.22727651069646537
917	693	0.22727651069646537
695	933	0.22685130914411644
933	695	0.22685130914411644
575	933	0.2253208210358606
933	575	0.2253208210358606
912	933	0.22469846159011708
933	912	0.22469846159011708
596	933	0.2246116551076185
933	596	0.2246116551076185
901	933	0.22295363026980985
933	901	0.22295363026980985
849	933	0.22248551681980944
933	849	0.22248551681980944
744	933	0.22083063492964672
933	744	0.22083063492964672
541	933	0.22059026588790132
933	541	0.22059026588790132
629	917	0.21941653178339782
917	629	0.21941653178339782
866	933	0.21908323395719753
933	866	0.21908323395719753
544	933	0.21857332676119534
933	544	0.21857332676119534
419	933	0.21655878488053504
933	419	0.21655878488053504
97	933	0.2164574406251123
933	97	0.2164574406251123
933	934	0.21558309405880793
934	933	0.21558309405880793
914	948	0.21515454944230017
948	914	0.21515454944230017
659	917	0.2149461807962043
917	659	0.2149461807962043
532	917	0.21428925519917907
917	532	0.21428925519917907
487	917	0.21421319215299794
917	487	0.21421319215299794
708	933	0.2141610829929237
933	708	0.2141610829929237
728	933	0.21361662072892207
933	728	0.21361662072892207
663	933	0.2123587304351653
933	663	0.2123587304351653
688	933	0.21209659745126652
933	688	0.21209659745126652
865	933	0.21139369912769324
933	865	0.21139369912769324
23	933	0.21100665288248655
933	23	0.21100665288248655
65	933	0.2106926530662263
933	65	0.2106926530662263
621	933	0.2104520337420035
933	621	0.2104520337420035
409	933	0.20979094274987542
933	409	0.20979094274987542
290	933	0.2090108392626251
933	290	0.2090108392626251
373	933	0.20855720863919647
933	373	0.20855720863919647
770	933	0.20761858345343387
933	770	0.20761858345343387
350	933	0.2070450241059787
933	350	0.2070450241059787
827	933	0.20629220287848016
933	827	0.20629220287848016
475	933	0.2062397198252408
933	475	0.2062397198252408
922	933	0.20531494481906631
933	922	0.20531494481906631
920	933	0.20448860442599415
933	920	0.20448860442599415
895	917	0.20430132182920357
917	895	0.20430132182920357
186	917	0.20380118992736573
917	186	0.20380118992736573
335	917	0.2037418616621356
917	335	0.2037418616621356
724	933	0.20347587922186894
933	724	0.20347587922186894
631	933	0.20249952451677666
933	631	0.20249952451677666
858	933	0.2024322134594183
933	858	0.2024322134594183
926	933	0.20218927271240172
933	926	0.20218927271240172
609	933	0.20213404936816648
933	609	0.20213404936816648
839	917	0.20132265786743075
917	839	0.20132265786743075
727	933	0.20119855399786402
933	727	0.20119855399786402
444	933	0.20115797609183828
933	444	0.20115797609183828
592	933	0.2007783392160858
933	592	0.2007783392160858
207	933	0.2006745400792087
933	207	0.2006745400792087
358	933	0.2005298357332761
933	358	0.2005298357332761
573	933	0.20037893491033953
933	573	0.20037893491033953
594	933	0.1996344898858171
933	594	0.1996344898858171
908	933	0.19943899256549447
933	908	0.19943899256549447
496	933	0.19931561390588315
933	496	0.19931561390588315
508	933	0.19928989296870037
933	508	0.19928989296870037
414	933	0.1992546670386417
933	414	0.1992546670386417
426	933	0.19832094176002424
933	426	0.19832094176002424
53	933	0.1979696867193239
933	53	0.1979696867193239
918	933	0.19792474508102087
933	918	0.19792474508102087
222	933	0.19780141690253394
933	222	0.19780141690253394
700	914	0.1976034313338424
914	700	0.1976034313338424
617	933	0.19751086326234724
933	617	0.19751086326234724
623	933	0.19732407539300234
933	623	0.19732407539300234
492	933	0.19683826198959387
933	492	0.19683826198959387
309	933	0.19678294922651185
933	309	0.19678294922651185
547	933	0.19674785874444956
933	547	0.19674785874444956
37	933	0.1961553134104943
933	37	0.1961553134104943
853	933	0.1958692505462225
933	853	0.1958692505462225
570	933	0.19583546316931777
933	570	0.19583546316931777
561	933	0.19582140883103616
933	561	0.19582140883103616
16	933	0.1954743795739422
933	16	0.1954743795739422
323	933	0.1952151863191831
933	323	0.1952151863191831
25	933	0.1950115870093292
933	25	0.1950115870093292
540	933	0.1948489740512278
933	540	0.1948489740512278
948	953	0.19481517900602152
953	948	0.19481517900602152
671	933	0.19481248921544658
933	671	0.19481248921544658
830	933	0.19458209531477055
933	830	0.19458209531477055
470	933	0.1945616821965721
933	470	0.1945616821965721
921	933	0.19398102873697454
933	921	0.19398102873697454
423	933	0.19374359242434358
933	423	0.19374359242434358
675	933	0.1935966267980327
933	675	0.1935966267980327
239	933	0.19341539054147594
933	239	0.19341539054147594
882	933	0.19332278202176578
933	882	0.19332278202176578
707	933	0.19317867474883377
933	707	0.19317867474883377
574	933	0.19292418282109547
933	574	0.19292418282109547
933	954	0.19284089587022013
954	933	0.19284089587022013
590	933	0.1928250159558771
933	590	0.1928250159558771
8	933	0.19241989885726474
933	8	0.19241989885726474
307	933	0.19238909991130404
933	307	0.19238909991130404
874	933	0.1922936771980499
933	874	0.1922936771980499
615	933	0.19228363432366447
933	615	0.19228363432366447
718	933	0.19225721949586627
933	718	0.19225721949586627
563	933	0.19214945554327922
933	563	0.19214945554327922
438	933	0.19213531367275438
933	438	0.19213531367275438
870	933	0.19192168127638776
933	870	0.19192168127638776
772	917	0.1915358130338527
917	772	0.1915358130338527
811	933	0.19140953020352414
933	811	0.19140953020352414
247	933	0.19115913582440025
933	247	0.19115913582440025
665	933	0.190956827868761
933	665	0.190956827868761
28	933	0.19062257257783233
933	28	0.19062257257783233
454	917	0.19059916321212023
917	454	0.19059916321212023
818	917	0.19040162020854434
917	818	0.19040162020854434
546	933	0.19003643863875608
933	546	0.19003643863875608
88	933	0.1899879353963283
933	88	0.1899879353963283
130	933	0.18989076286678896
933	130	0.18989076286678896
896	933	0.18968319439646186
933	896	0.18968319439646186
667	933	0.1896377909289948
933	667	0.1896377909289948
42	933	0.18942500856239475
933	42	0.18942500856239475
886	933	0.18936485006832848
933	886	0.18936485006832848
809	933	0.188744847765012
933	809	0.188744847765012
41	933	0.18859717139618626
933	41	0.18859717139618626
71	933	0.18840735848469015
933	71	0.18840735848469015
210	933	0.18839252086680824
933	210	0.18839252086680824
725	917	0.18827328868235838
917	725	0.18827328868235838
747	933	0.18823384358768736
933	747	0.18823384358768736
564	933	0.18788536173487302
933	564	0.18788536173487302
47	933	0.18783438416030096
933	47	0.18783438416030096
840	933	0.1877479721084303
933	840	0.1877479721084303
191	933	0.1875539937647368
933	191	0.1875539937647368
797	933	0.18737301975124643
933	797	0.18737301975124643
67	933	0.1871623347639293
933	67	0.1871623347639293
769	933	0.18710442137697458
933	769	0.18710442137697458
192	933	0.18698831292349594
933	192	0.18698831292349594
791	933	0.18695711100534318
933	791	0.18695711100534318
46	933	0.1868182677631507
933	46	0.1868182677631507
831	933	0.1867745941109118
933	831	0.1867745941109118
112	933	0.18670021377302137
933	112	0.18670021377302137
293	933	0.1866426090177895
933	293	0.1866426090177895
641	933	0.18658810529276137
933	641	0.18658810529276137
443	933	0.18640661385030155
933	443	0.18640661385030155
489	933	0.186339923273517
933	489	0.186339923273517
57	933	0.1863231856365981
933	57	0.1863231856365981
113	933	0.18629915705327105
933	113	0.18629915705327105
639	933	0.1861994213054179
933	639	0.1861994213054179
220	933	0.18605054481253713
933	220	0.18605054481253713
933	945	0.18598564736476186
945	933	0.18598564736476186
632	933	0.1859187950679808
933	632	0.1859187950679808
864	917	0.18591558246531248
917	864	0.18591558246531248
745	933	0.1858379945541091
933	745	0.1858379945541091
468	933	0.1857631574207963
933	468	0.1857631574207963
528	933	0.18568634901651881
933	528	0.18568634901651881
108	933	0.18561466694394424
933	108	0.18561466694394424
914	941	0.18555491430639037
941	914	0.18555491430639037
859	933	0.18552931488192215
933	859	0.18552931488192215
518	933	0.18552709751413343
933	518	0.18552709751413343
154	933	0.18548885725780506
933	154	0.18548885725780506
379	933	0.18542315873426607
933	379	0.18542315873426607
783	917	0.18537930037288608
917	783	0.18537930037288608
729	933	0.18537593925370555
933	729	0.18537593925370555
628	933	0.18535070298415746
933	628	0.18535070298415746
514	933	0.185273223344103
933	514	0.185273223344103
690	917	0.1852688335975161
917	690	0.1852688335975161
255	933	0.18524896226574472
933	255	0.18524896226574472
317	933	0.18510414575557643
933	317	0.18510414575557643
465	933	0.18504735614262136
933	465	0.18504735614262136
213	933	0.18502236214672263
933	213	0.18502236214672263
771	933	0.18498157625754508
933	771	0.18498157625754508
367	933	0.18482892010590257
933	367	0.18482892010590257
410	933	0.18469865844359679
933	410	0.18469865844359679
82	933	0.1846235024616032
933	82	0.1846235024616032
640	917	0.18457854391135653
917	640	0.18457854391135653
645	933	0.18456961999149724
933	645	0.18456961999149724
834	933	0.18442440356863954
933	834	0.18442440356863954
700	953	0.18414990166314427
953	700	0.18414990166314427
341	933	0.18365312108952758
933	341	0.18365312108952758
626	933	0.18361522454213697
933	626	0.18361522454213697
12	933	0.18353480048946635
933	12	0.18353480048946635
292	933	0.183308350970812
933	292	0.183308350970812
129	933	0.18317683095863302
933	129	0.18317683095863302
810	933	0.1829651202708802
933	810	0.1829651202708802
366	933	0.18282001017444172
933	366	0.18282001017444172
355	933	0.18269511707294028
933	355	0.18269511707294028
49	933	0.1825989386360498
933	49	0.1825989386360498
166	933	0.18251178287821346
933	166	0.18251178287821346
200	933	0.18247788223930939
933	200	0.18247788223930939
198	933	0.18239376466256418
933	198	0.18239376466256418
452	933	0.1822582462821336
933	452	0.1822582462821336
196	933	0.18218425931404125
933	196	0.18218425931404125
861	933	0.1818401483053511
933	861	0.1818401483053511
753	933	0.18183754025995325
933	753	0.18183754025995325
282	933	0.1818357545288798
933	282	0.1818357545288798
296	933	0.1818217476275379
933	296	0.1818217476275379
319	933	0.18169804370716092
933	319	0.18169804370716092
351	933	0.18156522132586872
933	351	0.18156522132586872
164	933	0.18153467120667388
933	164	0.18153467120667388
425	933	0.18144198632214525
933	425	0.18144198632214525
138	933	0.18141477186838784
933	138	0.18141477186838784
84	933	0.1812621615474319
933	84	0.1812621615474319
270	933	0.18125052145545872
933	270	0.18125052145545872
415	933	0.18119557657864815
933	415	0.18119557657864815
516	933	0.18108026377930697
933	516	0.18108026377930697
902	933	0.18104519653289586
933	902	0.18104519653289586
171	933	0.1808871582849283
933	171	0.1808871582849283
128	933	0.1808414098247042
933	128	0.1808414098247042
32	933	0.18063958474758013
933	32	0.18063958474758013
638	933	0.18063452621054066
933	638	0.18063452621054066
759	933	0.18043762850583667
933	759	0.18043762850583667
530	933	0.18030819851559654
933	530	0.18030819851559654
389	917	0.180292973167967
917	389	0.180292973167967
347	933	0.18018546940658342
933	347	0.18018546940658342
664	933	0.180163680005188
933	664	0.180163680005188
723	933	0.18010180348868232
933	723	0.18010180348868232
451	917	0.17982715158672757
917	451	0.17982715158672757
684	933	0.17982617109211563
933	684	0.17982617109211563
29	933	0.17972881644534744
933	29	0.17972881644534744
285	933	0.17970993022555493
933	285	0.17970993022555493
655	933	0.17964311853782378
933	655	0.17964311853782378
842	933	0.17960701920272681
933	842	0.17960701920272681
756	933	0.1796059023214054
933	756	0.1796059023214054
716	933	0.17943555517306797
933	716	0.17943555517306797
906	933	0.17937029227266654
933	906	0.17937029227266654
95	933	0.1793430588753573
933	95	0.1793430588753573
702	933	0.17932420458790643
933	702	0.17932420458790643
647	933	0.17927688771520534
933	647	0.17927688771520534
98	933	0.17882219732742954
933	98	0.17882219732742954
102	933	0.17881603311195726
933	102	0.17881603311195726
206	933	0.17881167923126728
933	206	0.17881167923126728
349	933	0.1787363267200337
933	349	0.1787363267200337
472	933	0.17862864443833426
933	472	0.17862864443833426
10	933	0.17861005663267226
933	10	0.17861005663267226
195	933	0.17841978140014514
933	195	0.17841978140014514
313	933	0.17841671134719062
933	313	0.17841671134719062
73	933	0.17834411673987294
933	73	0.17834411673987294
552	933	0.17831730025801784
933	552	0.17831730025801784
424	933	0.1781668951054478
933	424	0.1781668951054478
543	933	0.17813851327521446
933	543	0.17813851327521446
187	933	0.1780671178951938
933	187	0.1780671178951938
635	933	0.17781684003764942
933	635	0.17781684003764942
31	933	0.17780126923133044
933	31	0.17780126923133044
560	933	0.17767672465013917
933	560	0.17767672465013917
488	933	0.17764764197600913
933	488	0.17764764197600913
219	933	0.17761421386111986
933	219	0.17761421386111986
27	933	0.17759350971698873
933	27	0.17759350971698873
371	933	0.17758912555016892
933	371	0.17758912555016892
236	933	0.1775801777502215
933	236	0.1775801777502215
68	933	0.17757475902338293
933	68	0.17757475902338293
903	933	0.17755807028933246
933	903	0.17755807028933246
381	933	0.17755214617196247
933	381	0.17755214617196247
813	933	0.17751482805881635
933	813	0.17751482805881635
261	933	0.1773525066721895
933	261	0.1773525066721895
89	933	0.1773385384973014
933	89	0.1773385384973014
48	933	0.17731405705024006
933	48	0.17731405705024006
139	933	0.17727247555895675
933	139	0.17727247555895675
253	933	0.17721692846068726
933	253	0.17721692846068726
494	933	0.17716537020750867
933	494	0.17716537020750867
384	933	0.17702116922497835
933	384	0.17702116922497835
678	933	0.17698608738426103
933	678	0.17698608738426103
374	933	0.17695590234748182
933	374	0.17695590234748182
62	933	0.176921252410295
933	62	0.176921252410295
168	933	0.17688957864251154
933	168	0.17688957864251154
35	933	0.17673323169866917
933	35	0.17673323169866917
354	933	0.17647672678962034
933	354	0.17647672678962034
633	933	0.17615375236012243
933	633	0.17615375236012243
114	933	0.17609581230845905
933	114	0.17609581230845905
99	933	0.1760804061271608
933	99	0.1760804061271608
225	933	0.1760654290458339
933	225	0.1760654290458339
486	933	0.17604198626503953
933	486	0.17604198626503953
607	933	0.175994399149074
933	607	0.175994399149074
142	933	0.17594890237658722
933	142	0.17594890237658722
395	933	0.17555288277212888
933	395	0.17555288277212888
431	917	0.1754085325686341
917	431	0.1754085325686341
713	933	0.17538556710578113
933	713	0.17538556710578113
696	933	0.17529129814382927
933	696	0.17529129814382927
585	933	0.17523596211344183
933	585	0.17523596211344183
679	933	0.17511363531077095
933	679	0.17511363531077095
224	933	0.1749423299635131
933	224	0.1749423299635131
110	933	0.1749235005823231
933	110	0.1749235005823231
346	933	0.17489553917763523
933	346	0.17489553917763523
314	933	0.17485696341747148
933	314	0.17485696341747148
11	933	0.17483216859247097
933	11	0.17483216859247097
256	933	0.17482821699392437
933	256	0.17482821699392437
155	933	0.17477074550861182
933	155	0.17477074550861182
909	933	0.17475578016301818
933	909	0.17475578016301818
933	942	0.1745817559734686
942	933	0.1745817559734686
136	933	0.17457073865669304
933	136	0.17457073865669304
75	933	0.1745438183426613
933	75	0.1745438183426613
420	933	0.17448828362016577
933	420	0.17448828362016577
230	933	0.17440477582200642
933	230	0.17440477582200642
933	937	0.17428406810865238
937	933	0.17428406810865238
869	933	0.17420223469467655
933	869	0.17420223469467655
30	933	0.17412765890793702
933	30	0.17412765890793702
265	933	0.17411291551536223
933	265	0.17411291551536223
852	933	0.1740794387725022
933	852	0.1740794387725022
477	933	0.1740250295732939
933	477	0.1740250295732939
254	933	0.17401455839387414
933	254	0.17401455839387414
819	933	0.17399857317467404
933	819	0.17399857317467404
232	933	0.17392788199939502
933	232	0.17392788199939502
421	933	0.1737879351536611
933	421	0.1737879351536611
320	933	0.1737307423674419
933	320	0.1737307423674419
74	933	0.17372489844878758
933	74	0.17372489844878758
336	933	0.17369917623522935
933	336	0.17369917623522935
70	933	0.1736754299255967
933	70	0.1736754299255967
121	933	0.17367253120513282
933	121	0.17367253120513282
134	933	0.17363294360508208
933	134	0.17363294360508208
190	933	0.17362783922114255
933	190	0.17362783922114255
281	933	0.17337288174453458
933	281	0.17337288174453458
499	933	0.17327548168748774
933	499	0.17327548168748774
359	933	0.1729995416006287
933	359	0.1729995416006287
738	933	0.1729875845446549
933	738	0.1729875845446549
763	933	0.17298671555398726
933	763	0.17298671555398726
93	933	0.17289031723814974
933	93	0.17289031723814974
550	933	0.17283212839357498
933	550	0.17283212839357498
13	933	0.17275828028771611
933	13	0.17275828028771611
662	933	0.17275721552455048
933	662	0.17275721552455048
61	917	0.17275403734465478
917	61	0.17275403734465478
94	933	0.1726981957083369
933	94	0.1726981957083369
559	933	0.1726682999987159
933	559	0.1726682999987159
329	933	0.17260920981553585
933	329	0.17260920981553585
766	933	0.17258658256423853
933	766	0.17258658256423853
432	933	0.1724659713403025
933	432	0.1724659713403025
734	933	0.17240764959197596
933	734	0.17240764959197596
481	933	0.17238992681204013
933	481	0.17238992681204013
493	933	0.17235221755216523
933	493	0.17235221755216523
348	933	0.17233621931876275
933	348	0.17233621931876275
703	933	0.1722782995904968
933	703	0.1722782995904968
69	933	0.1721839915764678
933	69	0.1721839915764678
434	933	0.17205110886487507
933	434	0.17205110886487507
509	933	0.17202584197123216
933	509	0.17202584197123216
172	933	0.17200544301400855
933	172	0.17200544301400855
578	933	0.1719328112910543
933	578	0.1719328112910543
393	933	0.17192285602542112
933	393	0.17192285602542112
324	933	0.17189289232097704
933	324	0.17189289232097704
618	933	0.17183845547958065
933	618	0.17183845547958065
890	933	0.1718245364991806
933	890	0.1718245364991806
498	933	0.17172102836690084
933	498	0.17172102836690084
581	933	0.17168255300324753
933	581	0.17168255300324753
77	933	0.17153883782701418
933	77	0.17153883782701418
709	933	0.17141151281044165
933	709	0.17141151281044165
502	933	0.17130707055253636
933	502	0.17130707055253636
106	933	0.17128097168983336
933	106	0.17128097168983336
251	933	0.17116194752621205
933	251	0.17116194752621205
764	933	0.17106469997078988
933	764	0.17106469997078988
441	933	0.17100396122645645
933	441	0.17100396122645645
149	933	0.1709937817016205
933	149	0.1709937817016205
644	933	0.17097741817009982
933	644	0.17097741817009982
146	933	0.17097719045833815
933	146	0.17097719045833815
584	933	0.170903425034022
933	584	0.170903425034022
789	933	0.17080202945518463
933	789	0.17080202945518463
125	933	0.1707999157907214
933	125	0.1707999157907214
500	933	0.17079438724197082
933	500	0.17079438724197082
26	933	0.17076927797339048
933	26	0.17076927797339048
183	933	0.17075873669443697
933	183	0.17075873669443697
330	933	0.17064241789768242
933	330	0.17064241789768242
140	933	0.17060058935767497
933	140	0.17060058935767497
884	933	0.17054122695259433
933	884	0.17054122695259433
634	933	0.17051527102357955
933	634	0.17051527102357955
941	953	0.17047309592760773
953	941	0.17047309592760773
283	933	0.17044123191474836
933	283	0.17044123191474836
732	933	0.17033556335531053
933	732	0.17033556335531053
21	933	0.1702432605125812
933	21	0.1702432605125812
682	933	0.17017898341267834
933	682	0.17017898341267834
800	933	0.17012289336907505
933	800	0.17012289336907505
280	933	0.17008620891362636
933	280	0.17008620891362636
765	933	0.1700680785411781
933	765	0.1700680785411781
249	933	0.17001969650477222
933	249	0.17001969650477222
288	933	0.17000099086829867
933	288	0.17000099086829867
794	933	0.16999668892187958
933	794	0.16999668892187958
20	933	0.1699732371167859
933	20	0.1699732371167859
712	933	0.16981570595695272
933	712	0.16981570595695272
286	933	0.16970185056682618
933	286	0.16970185056682618
22	933	0.1696636143282384
933	22	0.1696636143282384
582	933	0.16961058191305756
933	582	0.16961058191305756
504	933	0.1695900553623617
933	504	0.1695900553623617
300	933	0.16948970943403951
933	300	0.16948970943403951
258	933	0.16947717615343993
933	258	0.16947717615343993
180	933	0.16946739251550547
933	180	0.16946739251550547
278	933	0.16943765937618926
933	278	0.16943765937618926
218	933	0.16940116720003884
933	218	0.16940116720003884
332	933	0.16935449000464153
933	332	0.16935449000464153
123	933	0.1693396599150745
933	123	0.1693396599150745
722	933	0.16918871092397647
933	722	0.16918871092397647
556	933	0.1690905777184466
933	556	0.1690905777184466
848	933	0.16902137634258518
933	848	0.16902137634258518
812	933	0.16897758760830173
933	812	0.16897758760830173
689	933	0.16890897920584091
933	689	0.16890897920584091
321	933	0.16886987744316517
933	321	0.16886987744316517
933	944	0.16874205121928476
944	933	0.16874205121928476
193	933	0.16864171106247894
933	193	0.16864171106247894
87	933	0.1686178797061897
933	87	0.1686178797061897
568	933	0.1685687171202046
933	568	0.1685687171202046
175	933	0.16850341522292456
933	175	0.16850341522292456
101	933	0.1684906086455944
933	101	0.1684906086455944
476	933	0.16847045485633116
933	476	0.16847045485633116
240	933	0.16842058571771834
933	240	0.16842058571771834
297	933	0.16833544453517946
933	297	0.16833544453517946
174	933	0.1683276595051617
933	174	0.1683276595051617
231	933	0.16829584459317393
933	231	0.16829584459317393
897	933	0.16820680735534577
933	897	0.16820680735534577
780	933	0.16816962602535557
933	780	0.16816962602535557
137	933	0.16797244660381572
933	137	0.16797244660381572
345	917	0.16796826339841986
917	345	0.16796826339841986
153	933	0.16784606429686155
933	153	0.16784606429686155
36	933	0.16780919732565724
933	36	0.16780919732565724
398	933	0.16780690531562903
933	398	0.16780690531562903
211	933	0.16760143158230467
933	211	0.16760143158230467
691	933	0.1675927982017298
933	691	0.1675927982017298
122	933	0.16744689516281563
933	122	0.16744689516281563
637	933	0.16740995098962896
933	637	0.16740995098962896
377	933	0.1673447887006707
933	377	0.1673447887006707
302	933	0.1672833337622912
933	302	0.1672833337622912
303	933	0.16724504736255463
933	303	0.16724504736255463
132	933	0.16720244433594433
933	132	0.16720244433594433
672	933	0.16714502826979172
933	672	0.16714502826979172
375	933	0.16710141387642463
933	375	0.16710141387642463
179	933	0.1670614849812737
933	179	0.1670614849812737
86	933	0.16699076926362677
933	86	0.16699076926362677
38	933	0.16696220221389146
933	38	0.16696220221389146
197	933	0.16692003074416606
933	197	0.16692003074416606
513	933	0.16681411184552486
933	513	0.16681411184552486
234	933	0.16655254205191738
933	234	0.16655254205191738
748	933	0.16655109335821727
933	748	0.16655109335821727
904	933	0.16651370116901387
933	904	0.16651370116901387
440	933	0.1663895343255002
933	440	0.1663895343255002
383	933	0.1662559619936872
933	383	0.1662559619936872
72	933	0.16622765913906323
933	72	0.16622765913906323
385	933	0.16615649690456813
933	385	0.16615649690456813
503	933	0.16614032802618373
933	503	0.16614032802618373
587	933	0.1660729838786441
933	587	0.1660729838786441
699	933	0.1660651524734873
933	699	0.1660651524734873
177	933	0.1660546174730766
933	177	0.1660546174730766
875	933	0.16599940155106707
933	875	0.16599940155106707
733	933	0.16599744229738356
933	733	0.16599744229738356
394	933	0.16599419549337346
933	394	0.16599419549337346
365	933	0.16596926354374264
933	365	0.16596926354374264
160	933	0.16591229467902968
933	160	0.16591229467902968
658	933	0.16589658000949115
933	658	0.16589658000949115
565	933	0.16582764903735825
933	565	0.16582764903735825
529	933	0.16582595854288495
933	529	0.16582595854288495
642	933	0.16582238705124008
933	642	0.16582238705124008
799	933	0.1657884135931904
933	799	0.1657884135931904
687	933	0.16571754145198248
933	687	0.16571754145198248
109	933	0.16571624355878023
933	109	0.16571624355878023
480	933	0.1657059401840728
933	480	0.1657059401840728
167	933	0.1653687954831624
933	167	0.1653687954831624
184	933	0.16525234611376738
933	184	0.16525234611376738
646	933	0.16522026022706626
933	646	0.16522026022706626
905	933	0.1650974108567651
933	905	0.1650974108567651
235	933	0.16508706950433272
933	235	0.16508706950433272
242	933	0.16502160667918142
933	242	0.16502160667918142
711	933	0.1648313320906203
933	711	0.1648313320906203
557	933	0.16479131378346557
933	557	0.16479131378346557
630	933	0.16465136727032315
933	630	0.16465136727032315
620	933	0.1646470832063931
933	620	0.1646470832063931
881	933	0.16458167817669112
933	881	0.16458167817669112
531	933	0.16453770370902498
933	531	0.16453770370902498
790	933	0.16453541724074738
933	790	0.16453541724074738
56	933	0.16444496412859588
933	56	0.16444496412859588
526	933	0.1644423483901558
933	526	0.1644423483901558
846	933	0.16443690176572212
933	846	0.16443690176572212
44	933	0.1644311532806586
933	44	0.1644311532806586
928	933	0.16430330096073753
933	928	0.16430330096073753
133	933	0.1642609373782411
933	133	0.1642609373782411
657	933	0.16411440511186948
933	657	0.16411440511186948
907	933	0.16408588325468676
933	907	0.16408588325468676
1	933	0.16406259542748147
933	1	0.16406259542748147
269	933	0.16389479319106126
933	269	0.16389479319106126
446	933	0.16379909623764854
933	446	0.16379909623764854
787	933	0.1637605464760996
933	787	0.1637605464760996
43	933	0.16374496433511565
933	43	0.16374496433511565
182	933	0.16371894207933524
933	182	0.16371894207933524
291	933	0.16361219235495783
933	291	0.16361219235495783
549	933	0.16354961477791496
933	549	0.16354961477791496
284	933	0.16338177711672763
933	284	0.16338177711672763
312	933	0.16336611443839089
933	312	0.16336611443839089
257	933	0.1633028372790568
933	257	0.1633028372790568
165	933	0.16323014437338923
933	165	0.16323014437338923
750	933	0.1632000246812324
933	750	0.1632000246812324
277	933	0.16311034387930046
933	277	0.16311034387930046
534	933	0.16307579395360872
933	534	0.16307579395360872
308	933	0.1628714524738708
933	308	0.1628714524738708
264	933	0.1628526173468976
933	264	0.1628526173468976
356	933	0.16284640423216
933	356	0.16284640423216
19	933	0.16282354855829162
933	19	0.16282354855829162
228	933	0.16279906720669324
933	228	0.16279906720669324
555	933	0.1627885925509458
933	555	0.1627885925509458
185	933	0.1627840352958232
933	185	0.1627840352958232
838	933	0.162748582742698
933	838	0.162748582742698
464	933	0.1627021975550842
933	464	0.1627021975550842
933	938	0.1626924161412422
938	933	0.1626924161412422
252	933	0.1625613973515445
933	252	0.1625613973515445
376	933	0.162533175372382
933	376	0.162533175372382
700	948	0.1623875513697579
948	700	0.1623875513697579
649	933	0.16236466699077545
933	649	0.16236466699077545
0	933	0.16232153548929906
933	0	0.16232153548929906
189	933	0.1623046510357713
933	189	0.1623046510357713
455	933	0.16223852955834883
933	455	0.16223852955834883
173	933	0.1621707431748669
933	173	0.1621707431748669
402	933	0.16216652755215155
933	402	0.16216652755215155
735	933	0.16216048562744945
933	735	0.16216048562744945
731	933	0.16215519932163813
933	731	0.16215519932163813
535	933	0.16205700171740012
933	535	0.16205700171740012
274	933	0.16202950186943998
933	274	0.16202950186943998
517	933	0.16199939501196536
933	517	0.16199939501196536
654	933	0.1619814132322004
933	654	0.1619814132322004
243	933	0.161962092962197
933	243	0.161962092962197
841	933	0.1619165448552249
933	841	0.1619165448552249
362	933	0.16191612821719814
933	362	0.16191612821719814
316	933	0.16191220227358283
933	316	0.16191220227358283
698	917	0.16178697978796386
917	698	0.16178697978796386
562	933	0.16175391139900563
933	562	0.16175391139900563
435	933	0.16174284968585528
933	435	0.16174284968585528
482	933	0.1616239890164881
933	482	0.1616239890164881
315	933	0.16160420978406753
933	315	0.16160420978406753
272	933	0.16149144092976386
933	272	0.16149144092976386
539	933	0.16145878391498458
933	539	0.16145878391498458
445	917	0.16133340162308984
917	445	0.16133340162308984
505	933	0.16128925646525039
933	505	0.16128925646525039
170	933	0.16128717174541896
933	170	0.16128717174541896
661	933	0.1612338308527863
933	661	0.1612338308527863
201	933	0.16118425971683226
933	201	0.16118425971683226
60	933	0.16117512204218887
933	60	0.16117512204218887
92	933	0.16114379554333014
933	92	0.16114379554333014
651	933	0.16104810148291104
933	651	0.16104810148291104
933	940	0.16103827662565906
940	933	0.16103827662565906
742	933	0.16098264803730733
933	742	0.16098264803730733
34	933	0.16091859018220855
933	34	0.16091859018220855
148	933	0.16083401639936556
933	148	0.16083401639936556
887	933	0.1608057487241703
933	887	0.1608057487241703
668	933	0.16068744815408276
933	668	0.16068744815408276
619	933	0.16051582766335137
933	619	0.16051582766335137
507	933	0.16049011114201472
933	507	0.16049011114201472
66	933	0.16038443857793272
933	66	0.16038443857793272
169	933	0.1603828327197978
933	169	0.1603828327197978
3	933	0.16035500203760256
933	3	0.16035500203760256
538	933	0.16023010352654987
933	538	0.16023010352654987
100	933	0.16021576320844
933	100	0.16021576320844
238	933	0.16019576001420766
933	238	0.16019576001420766
485	917	0.1601566849838485
917	485	0.1601566849838485
287	933	0.16011860315245485
933	287	0.16011860315245485
949	953	0.15975536541132285
953	949	0.15975536541132285
388	933	0.15947081523440376
933	388	0.15947081523440376
24	933	0.15943365477811766
933	24	0.15943365477811766
6	933	0.15942642950527075
933	6	0.15942642950527075
260	933	0.15935256752517568
933	260	0.15935256752517568
396	933	0.15930185865444857
933	396	0.15930185865444857
788	933	0.15929847368025163
933	788	0.15929847368025163
758	933	0.15925224942530902
933	758	0.15925224942530902
105	933	0.15923369756299932
933	105	0.15923369756299932
382	933	0.15921268405385924
933	382	0.15921268405385924
542	933	0.1591862626867575
933	542	0.1591862626867575
828	933	0.15907822818841
933	828	0.15907822818841
161	933	0.15906644956142624
933	161	0.15906644956142624
397	933	0.15905889092822245
933	397	0.15905889092822245
636	933	0.1589727594866055
933	636	0.1589727594866055
76	933	0.15887903141631687
933	76	0.15887903141631687
378	933	0.1588669163098997
933	378	0.1588669163098997
39	933	0.15878695615799687
933	39	0.15878695615799687
600	933	0.15848431384635875
933	600	0.15848431384635875
209	933	0.1584417909835052
933	209	0.1584417909835052
145	933	0.1582905010422917
933	145	0.1582905010422917
829	933	0.15823694963807444
933	829	0.15823694963807444
327	933	0.15823407278846857
933	327	0.15823407278846857
2	933	0.15810560823285535
933	2	0.15810560823285535
743	933	0.1580509894990938
933	743	0.1580509894990938
519	933	0.15797399996341954
933	519	0.15797399996341954
310	933	0.15796941270189557
933	310	0.15796941270189557
353	933	0.15788200872592473
933	353	0.15788200872592473
212	933	0.15783919507242072
933	212	0.15783919507242072
755	933	0.1576376010300149
933	755	0.1576376010300149
604	933	0.15759810487792136
933	604	0.15759810487792136
597	933	0.15753937342725033
933	597	0.15753937342725033
318	933	0.157472782590796
933	318	0.157472782590796
933	936	0.15742820721450146
936	933	0.15742820721450146
739	933	0.15742815253786469
933	739	0.15742815253786469
289	933	0.1574080456668523
933	289	0.1574080456668523
892	933	0.1572542757026334
933	892	0.1572542757026334
40	933	0.1572451917091735
933	40	0.1572451917091735
326	933	0.15722960833887933
933	326	0.15722960833887933
510	933	0.15720004698941015
933	510	0.15720004698941015
717	933	0.15712782545083948
933	717	0.15712782545083948
50	933	0.15709311027263406
933	50	0.15709311027263406
601	933	0.15697295374341524
933	601	0.15697295374341524
599	933	0.15696996860932666
933	599	0.15696996860932666
221	933	0.1569493230024539
933	221	0.1569493230024539
401	933	0.15673888056195628
933	401	0.15673888056195628
891	933	0.15664711610969118
933	891	0.15664711610969118
554	933	0.15659108445191894
933	554	0.15659108445191894
241	933	0.15646692157587072
933	241	0.15646692157587072
586	933	0.15644031902565558
933	586	0.15644031902565558
259	933	0.15627812875379687
933	259	0.15627812875379687
656	933	0.15627026534731914
933	656	0.15627026534731914
670	933	0.15623970913481133
933	670	0.15623970913481133
933	939	0.156222327732918
939	933	0.156222327732918
205	933	0.1562206412812086
933	205	0.1562206412812086
652	933	0.15620735049321133
933	652	0.15620735049321133
490	933	0.15617536854442648
933	490	0.15617536854442648
360	933	0.15607120915782868
933	360	0.15607120915782868
774	933	0.15587026517654246
933	774	0.15587026517654246
5	933	0.15586981244510878
933	5	0.15586981244510878
361	933	0.15576638514840702
933	361	0.15576638514840702
873	933	0.15550700678365703
933	873	0.15550700678365703
825	933	0.15549167637857342
933	825	0.15549167637857342
576	933	0.1554041110992017
933	576	0.1554041110992017
757	933	0.1552505316735877
933	757	0.1552505316735877
483	933	0.15522273071896353
933	483	0.15522273071896353
325	933	0.15521438997983483
933	325	0.15521438997983483
511	933	0.1551769890175354
933	511	0.1551769890175354
591	933	0.15511421176112417
933	591	0.15511421176112417
863	933	0.15510984924615467
933	863	0.15510984924615467
798	933	0.15507176324168026
933	798	0.15507176324168026
673	933	0.15502691277552394
933	673	0.15502691277552394
653	933	0.15488352501380143
933	653	0.15488352501380143
298	933	0.15486035287597666
933	298	0.15486035287597666
245	933	0.15470959345574387
933	245	0.15470959345574387
266	933	0.15470956263521174
933	266	0.15470956263521174
461	917	0.15468767132289285
917	461	0.15468767132289285
595	933	0.15459948732076034
933	595	0.15459948732076034
602	933	0.15459226862990838
933	602	0.15459226862990838
469	933	0.15438113995166236
933	469	0.15438113995166236
760	933	0.15437969870855395
933	760	0.15437969870855395
816	933	0.15429068003302238
933	816	0.15429068003302238
551	933	0.1542738783646247
933	551	0.1542738783646247
899	933	0.15426786318114716
933	899	0.15426786318114716
553	933	0.1540725367256386
933	553	0.1540725367256386
580	933	0.15406847574527038
933	580	0.15406847574527038
216	933	0.15387318585735144
933	216	0.15387318585735144
720	933	0.15361821395949504
933	720	0.15361821395949504
340	933	0.15347570663943766
933	340	0.15347570663943766
427	933	0.15337851938086544
933	427	0.15337851938086544
752	933	0.15326338969894504
933	752	0.15326338969894504
204	933	0.153144689986771
933	204	0.153144689986771
533	933	0.15312388581080238
933	533	0.15312388581080238
63	933	0.15297919245443214
933	63	0.15297919245443214
453	933	0.15293203693662294
933	453	0.15293203693662294
262	933	0.1529265355041498
933	262	0.1529265355041498
521	933	0.15284722195557054
933	521	0.15284722195557054
103	933	0.1527861663100889
933	103	0.1527861663100889
611	933	0.15274423909371793
933	611	0.15274423909371793
721	933	0.15274339617111732
933	721	0.15274339617111732
467	933	0.15223967602897037
933	467	0.15223967602897037
593	933	0.15218897606251636
933	593	0.15218897606251636
681	933	0.1520347901181851
933	681	0.1520347901181851
342	933	0.15202550585357577
933	342	0.15202550585357577
306	933	0.15197076888187522
933	306	0.15197076888187522
478	933	0.1519525217384181
933	478	0.1519525217384181
311	933	0.15193122303999473
933	311	0.15193122303999473
404	933	0.15191793531560038
933	404	0.15191793531560038
754	933	0.15190714892344492
933	754	0.15190714892344492
442	933	0.15187674565577192
933	442	0.15187674565577192
583	933	0.15182626915789887
933	583	0.15182626915789887
364	933	0.1517934630706581
933	364	0.1517934630706581
610	933	0.15178261840035012
933	610	0.15178261840035012
778	933	0.15176584433933304
933	778	0.15176584433933304
162	933	0.15153077737776055
933	162	0.15153077737776055
730	933	0.15141549233575957
933	730	0.15141549233575957
96	933	0.1513167825702444
933	96	0.1513167825702444
141	933	0.1512847056848785
933	141	0.1512847056848785
571	933	0.15127379939934382
933	571	0.15127379939934382
202	933	0.15109786879489362
933	202	0.15109786879489362
343	933	0.1510291932766772
933	343	0.1510291932766772
294	933	0.1509640824875409
933	294	0.1509640824875409
14	933	0.1509491467242179
933	14	0.1509491467242179
4	933	0.15092308996440673
933	4	0.15092308996440673
399	933	0.15080504645644366
933	399	0.15080504645644366
545	933	0.15079829799132027
933	545	0.15079829799132027
686	933	0.15077111103759822
933	686	0.15077111103759822
927	933	0.15076183669621335
933	927	0.15076183669621335
126	933	0.15058056541101017
933	126	0.15058056541101017
648	933	0.1505800499654526
933	648	0.1505800499654526
835	933	0.1505567677455968
933	835	0.1505567677455968
785	933	0.150435311559725
933	785	0.150435311559725
569	933	0.15036887787485176
933	569	0.15036887787485176
588	933	0.15036142227570348
933	588	0.15036142227570348
736	933	0.15034981172807926
933	736	0.15034981172807926
479	933	0.15008420393816757
933	479	0.15008420393816757
855	933	0.14985962924519813
933	855	0.14985962924519813
782	933	0.14978540157382092
933	782	0.14978540157382092
894	933	0.14972067799375566
933	894	0.14972067799375566
900	933	0.14965593160252522
933	900	0.14965593160252522
413	933	0.14965078001631094
933	413	0.14965078001631094
436	933	0.1494025256210041
933	436	0.1494025256210041
116	933	0.1493379247670119
933	116	0.1493379247670119
412	933	0.1493199913374197
933	412	0.1493199913374197
854	933	0.14928566205415517
933	854	0.14928566205415517
400	933	0.14928463085922283
933	400	0.14928463085922283
9	933	0.1490482120338359
933	9	0.1490482120338359
120	933	0.1489665944324987
933	120	0.1489665944324987
625	933	0.1489516284540069
933	625	0.1489516284540069
18	933	0.14892662995102368
933	18	0.14892662995102368
523	933	0.1488163435950769
933	523	0.1488163435950769
80	933	0.14870419995759998
933	80	0.14870419995759998
59	933	0.14870368203298168
933	59	0.14870368203298168
674	933	0.14856229971613422
933	674	0.14856229971613422
536	933	0.14855884135169317
933	536	0.14855884135169317
81	933	0.14835574754446856
933	81	0.14835574754446856
614	933	0.14830693604000622
933	614	0.14830693604000622
117	933	0.1483068475175593
933	117	0.1483068475175593
836	933	0.14828716348936766
933	836	0.14828716348936766
872	933	0.14816687929295203
933	872	0.14816687929295203
268	933	0.14805130945047495
933	268	0.14805130945047495
613	933	0.14800620052997004
933	613	0.14800620052997004
796	933	0.14785167502995944
933	796	0.14785167502995944
151	933	0.14779969484585043
933	151	0.14779969484585043
608	933	0.14776971776786585
933	608	0.14776971776786585
929	933	0.14771274286414293
933	929	0.14771274286414293
605	933	0.14764824103122454
933	605	0.14764824103122454
163	933	0.14762805020667957
933	163	0.14762805020667957
548	933	0.14747833718559522
933	548	0.14747833718559522
152	933	0.14747401502500956
933	152	0.14747401502500956
135	933	0.14746343029624875
933	135	0.14746343029624875
357	933	0.14741793903333633
933	357	0.14741793903333633
150	917	0.14739953863995314
917	150	0.14739953863995314
203	933	0.1473624599565806
933	203	0.1473624599565806
793	933	0.14722607671021515
933	793	0.14722607671021515
237	933	0.14719371844589024
933	237	0.14719371844589024
157	933	0.1471224806481679
933	157	0.1471224806481679
579	933	0.14711059173323537
933	579	0.14711059173323537
437	933	0.14709414840088875
933	437	0.14709414840088875
566	933	0.14705096411641794
933	566	0.14705096411641794
768	933	0.1470324229864992
933	768	0.1470324229864992
275	933	0.14696321615635166
933	275	0.14696321615635166
127	933	0.14681721298681705
933	127	0.14681721298681705
295	933	0.14679537650115693
933	295	0.14679537650115693
501	933	0.14673547686759325
933	501	0.14673547686759325
407	933	0.1467226766338101
933	407	0.1467226766338101
229	933	0.1466495058564583
933	229	0.1466495058564583
227	933	0.14647410720929233
933	227	0.14647410720929233
214	933	0.14638410658917866
933	214	0.14638410658917866
372	933	0.14630394174991657
933	372	0.14630394174991657
208	933	0.14627880352557932
933	208	0.14627880352557932
512	933	0.14618595809117907
933	512	0.14618595809117907
537	933	0.14618570270316766
933	537	0.14618570270316766
52	933	0.14615702405783493
933	52	0.14615702405783493
883	933	0.14607054701732713
933	883	0.14607054701732713
567	933	0.14598085364308555
933	567	0.14598085364308555
888	933	0.1458919272410637
933	888	0.1458919272410637
369	933	0.14587993695890566
933	369	0.14587993695890566
328	933	0.14587959562812225
933	328	0.14587959562812225
79	933	0.14587771735030852
933	79	0.14587771735030852
808	933	0.1458044248847501
933	808	0.1458044248847501
433	933	0.14579290548719692
933	433	0.14579290548719692
795	933	0.14543748804099166
933	795	0.14543748804099166
815	933	0.14537935685178605
933	815	0.14537935685178605
761	933	0.14536936760234043
933	761	0.14536936760234043
860	933	0.1452442324704959
933	860	0.1452442324704959
497	933	0.14522078758616486
933	497	0.14522078758616486
784	933	0.14513748237020452
933	784	0.14513748237020452
515	933	0.1450993810743808
933	515	0.1450993810743808
762	933	0.1448844564048415
933	762	0.1448844564048415
893	933	0.14478507465818136
933	893	0.14478507465818136
705	933	0.1446744581635675
933	705	0.1446744581635675
54	933	0.14445439834063745
933	54	0.14445439834063745
90	933	0.14443373041489416
933	90	0.14443373041489416
804	933	0.14440701919644594
933	804	0.14440701919644594
598	933	0.14423208870582838
933	598	0.14423208870582838
7	933	0.1442062750577655
933	7	0.1442062750577655
801	917	0.1440041134375245
917	801	0.1440041134375245
779	933	0.14396542293017256
933	779	0.14396542293017256
737	933	0.14386662167228215
933	737	0.14386662167228215
403	933	0.14374626592619855
933	403	0.14374626592619855
751	933	0.14371224129899396
933	751	0.14371224129899396
226	933	0.14359757490895997
933	226	0.14359757490895997
931	933	0.1432704870178394
933	931	0.1432704870178394
941	948	0.1432664504504988
948	941	0.1432664504504988
352	933	0.14311712812178978
933	352	0.14311712812178978
15	933	0.14272574210121713
933	15	0.14272574210121713
933	935	0.1426488839780229
935	933	0.1426488839780229
78	933	0.14218740336240154
933	78	0.14218740336240154
889	933	0.14170828804261637
933	889	0.14170828804261637
558	933	0.14159471796196055
933	558	0.14159471796196055
914	951	0.14126550978434316
951	914	0.14126550978434316
876	933	0.14074901973845666
933	876	0.14074901973845666
422	933	0.14072773586869114
933	422	0.14072773586869114
650	933	0.1407008197932258
933	650	0.1407008197932258
337	933	0.14067684647638012
933	337	0.14067684647638012
178	933	0.14060264723049887
933	178	0.14060264723049887
263	933	0.14046292393374737
933	263	0.14046292393374737
822	933	0.1402369316925527
933	822	0.1402369316925527
680	933	0.14007225375317556
933	680	0.14007225375317556
143	933	0.1398157129658122
933	143	0.1398157129658122
305	933	0.1398041052311383
933	305	0.1398041052311383
338	933	0.13975533901626136
933	338	0.13975533901626136
248	933	0.13973913478011468
933	248	0.13973913478011468
33	933	0.139701089601024
933	33	0.139701089601024
111	933	0.13960619507707261
933	111	0.13960619507707261
304	933	0.13957150068203505
933	304	0.13957150068203505
55	933	0.13931297418105237
933	55	0.13931297418105237
484	933	0.13868509259646045
933	484	0.13868509259646045
118	933	0.1383946374407523
933	118	0.1383946374407523
740	933	0.13827650294132576
933	740	0.13827650294132576
916	917	0.13822898207757683
917	916	0.13822898207757683
104	933	0.1379596113322692
933	104	0.1379596113322692
700	941	0.13784989020730065
941	700	0.13784989020730065
862	933	0.13784265915241467
933	862	0.13784265915241467
616	933	0.13773833949544279
933	616	0.13773833949544279
933	946	0.13763374350592583
946	933	0.13763374350592583
58	933	0.1374658972955385
933	58	0.1374658972955385
250	933	0.13741289299784643
933	250	0.13741289299784643
119	933	0.13701184155521817
933	119	0.13701184155521817
832	933	0.13698675025748597
933	832	0.13698675025748597
144	933	0.1368496810441766
933	144	0.1368496810441766
322	933	0.13678033749714458
933	322	0.13678033749714458
914	955	0.13606461312292106
955	914	0.13606461312292106
824	933	0.13590850136821886
933	824	0.13590850136821886
85	933	0.13589095972053356
933	85	0.13589095972053356
459	933	0.13586797930458938
933	459	0.13586797930458938
156	933	0.13562344178151764
933	156	0.13562344178151764
697	933	0.1355885729063273
933	697	0.1355885729063273
850	933	0.13549000066044137
933	850	0.13549000066044137
188	933	0.1349015755993732
933	188	0.1349015755993732
181	933	0.13479014875058093
933	181	0.13479014875058093
380	933	0.13473612227393916
933	380	0.13473612227393916
176	933	0.1346284854098474
933	176	0.1346284854098474
898	933	0.1346087643257181
933	898	0.1346087643257181
948	951	0.13460466235047885
951	948	0.13460466235047885
439	933	0.13444133496408317
933	439	0.13444133496408317
301	933	0.1344320098536329
933	301	0.1344320098536329
867	933	0.1339836830069301
933	867	0.1339836830069301
868	933	0.13396314079123495
933	868	0.13396314079123495
914	952	0.13358826516341193
952	914	0.13358826516341193
233	933	0.13348339256651176
933	233	0.13348339256651176
124	933	0.13339745643427592
933	124	0.13339745643427592
194	933	0.1332291076416623
933	194	0.1332291076416623
792	933	0.13306354052820724
933	792	0.13306354052820724
844	933	0.1330030245522158
933	844	0.1330030245522158
914	949	0.13224167735037629
949	914	0.13224167735037629
17	933	0.13198859645201422
933	17	0.13198859645201422
589	933	0.13179006104357116
933	589	0.13179006104357116
391	933	0.13135138399114155
933	391	0.13135138399114155
267	933	0.13090181545125512
933	267	0.13090181545125512
577	933	0.13085993513127137
933	577	0.13085993513127137
857	933	0.13083975400953318
933	857	0.13083975400953318
390	933	0.13074281525325215
933	390	0.13074281525325215
685	933	0.1307262337509243
933	685	0.1307262337509243
948	952	0.13070647215524933
952	948	0.13070647215524933
802	933	0.130561431881153
933	802	0.130561431881153
823	933	0.13051861647539154
933	823	0.13051861647539154
952	953	0.13050473788741934
953	952	0.13050473788741934
91	933	0.13016300023343108
933	91	0.13016300023343108
392	933	0.12984730539266387
933	392	0.12984730539266387
777	933	0.12968021044286004
933	777	0.12968021044286004
930	933	0.12927922517699586
933	930	0.12927922517699586
820	933	0.12925294437093027
933	820	0.12925294437093027
271	933	0.12920077506952876
933	271	0.12920077506952876
786	933	0.1288972549709373
933	786	0.1288972549709373
612	933	0.12883787571905891
933	612	0.12883787571905891
749	933	0.12728594230730117
933	749	0.12728594230730117
217	933	0.12723140127306798
933	217	0.12723140127306798
877	933	0.12665916923743992
933	877	0.12665916923743992
457	933	0.12640029673525732
933	457	0.12640029673525732
833	933	0.1263764617800276
933	833	0.1263764617800276
606	933	0.12626671678391
933	606	0.12626671678391
273	933	0.12583390633160318
933	273	0.12583390633160318
704	933	0.12513478911452647
933	704	0.12513478911452647
131	933	0.1250909780957461
933	131	0.1250909780957461
215	933	0.12485272733557284
933	215	0.12485272733557284
683	933	0.1246943908056446
933	683	0.1246943908056446
847	914	0.12462053508483084
914	847	0.12462053508483084
474	914	0.12431013991299933
914	474	0.12431013991299933
466	933	0.12401268169252222
933	466	0.12401268169252222
669	933	0.12376279438664439
933	669	0.12376279438664439
158	933	0.12287492742189277
933	158	0.12287492742189277
692	933	0.1223806549275046
933	692	0.1223806549275046
520	933	0.12233545937629797
933	520	0.12233545937629797
851	933	0.12225349214148507
933	851	0.12225349214148507
710	933	0.12202638694675572
933	710	0.12202638694675572
676	933	0.12201498031066227
933	676	0.12201498031066227
279	933	0.12152038796058551
933	279	0.12152038796058551
821	933	0.12149593761450395
933	821	0.12149593761450395
387	933	0.12118283333904456
933	387	0.12118283333904456
147	933	0.12109472346800376
933	147	0.12109472346800376
386	933	0.11857715357818877
933	386	0.11857715357818877
416	933	0.11781096072046804
933	416	0.11781096072046804
495	933	0.11778394159157513
933	495	0.11778394159157513
879	914	0.11764655527212886
914	879	0.11764655527212886
51	933	0.11743429507375525
933	51	0.11743429507375525
817	933	0.11640892322073215
933	817	0.11640892322073215
677	933	0.11593147008400018
933	677	0.11593147008400018
826	933	0.11573964952430504
933	826	0.11573964952430504
223	933	0.1155105222241426
933	223	0.1155105222241426
953	955	0.11549134925322324
955	953	0.11549134925322324
244	933	0.1142580597549483
933	244	0.1142580597549483
885	933	0.11346864410332214
933	885	0.11346864410332214
951	953	0.11315973376597532
953	951	0.11315973376597532
115	933	0.11265763013340369
933	115	0.11265763013340369
914	932	0.11128582026853895
932	914	0.11128582026853895
948	949	0.11094360029423123
949	948	0.11094360029423123
878	933	0.10895306817630868
933	878	0.10895306817630868
837	933	0.10760724963254953
933	837	0.10760724963254953
666	953	0.10754755819213746
953	666	0.10754755819213746
368	953	0.1049687723525825
953	368	0.1049687723525825
405	933	0.1049281156621793
933	405	0.1049281156621793
814	933	0.10489382219492782
933	814	0.10489382219492782
910	914	0.10478685178497105
914	910	0.10478685178497105
406	914	0.1039471110683936
914	406	0.1039471110683936
368	914	0.10322713391724792
914	368	0.10322713391724792
914	925	0.10321096405791086
925	914	0.10321096405791086
941	951	0.10308335273853841
951	941	0.10308335273853841
474	953	0.10303700170841523
953	474	0.10303700170841523
299	933	0.10243564535515515
933	299	0.10243564535515515
941	949	0.10120648605551175
949	941	0.10120648605551175
368	948	0.10054044620645586
948	368	0.10054044620645586
781	933	0.10011534224009289
933	781	0.10011534224009289
430	933	0.0965506597622805
933	430	0.0965506597622805
914	947	0.09648593490634605
947	914	0.09648593490634605
506	933	0.09630128917419878
933	506	0.09630128917419878
491	933	0.09584853351009115
933	491	0.09584853351009115
726	914	0.09404951608983869
914	726	0.09404951608983869
933	943	0.09385321026097859
943	933	0.09385321026097859
408	933	0.09351447700837823
933	408	0.09351447700837823
460	933	0.09316496940779251
933	460	0.09316496940779251
522	933	0.0929326389597056
933	522	0.0929326389597056
700	951	0.09246651428485575
951	700	0.09246651428485575
847	953	0.0922500098845691
953	847	0.0922500098845691
948	947	0.09202928711963665
933	950	0.09175804213708627
950	933	0.09175804213708627
912	914	0.09038760240951649
914	912	0.09038760240951649
344	933	0.0903257244291007
933	344	0.0903257244291007
700	952	0.08992243858387905
952	700	0.08992243858387905
746	933	0.0887498563864535
933	746	0.0887498563864535
948	955	0.08758991996807453
955	948	0.08758991996807453
879	953	0.08749863938990221
953	879	0.08749863938990221
450	933	0.08670938727655653
933	450	0.08670938727655653
666	914	0.08643873483204723
914	666	0.08643873483204723
334	933	0.08630340837254158
933	334	0.08630340837254158
276	914	0.08540614377112443
914	276	0.08540614377112443
700	949	0.08432877347200285
949	700	0.08432877347200285
914	924	0.08390045941907931
924	914	0.08390045941907931
914	923	0.08352174446486549
923	914	0.08352174446486549
910	953	0.08333495010838776
953	910	0.08333495010838776
947	953	0.0828184498570459
953	947	0.0828184498570459
924	953	0.08052832443088431
953	924	0.08052832443088431
603	914	0.0800588989115052
914	603	0.0800588989115052
409	914	0.07898199615631163
914	409	0.07898199615631163
913	933	0.07820169221574469
933	913	0.07820169221574469
932	953	0.07717455057799594
953	932	0.07717455057799594
908	914	0.07683179603635093
914	908	0.07683179603635093
246	933	0.07646755221627166
933	246	0.07646755221627166
159	933	0.07638928135302159
933	159	0.07638928135302159
700	910	0.07555033005586687
910	700	0.07555033005586687
666	948	0.07519218077146594
948	666	0.07519218077146594
767	914	0.07495096724075845
914	767	0.07495096724075845
199	933	0.07469907006162191
933	199	0.07469907006162191
406	953	0.07464951798572894
953	406	0.07464951798572894
714	933	0.07460730858964548
933	714	0.07460730858964548
912	953	0.07438442189345285
953	912	0.07438442189345285
700	955	0.07428318848099691
955	700	0.07428318848099691
411	933	0.0739312290210381
933	411	0.0739312290210381
910	948	0.07381838403237095
948	910	0.07381838403237095
879	948	0.07374617809813233
948	879	0.07374617809813233
474	948	0.07305948336550139
948	474	0.07305948336550139
914	921	0.07243618938880814
921	914	0.07243618938880814
540	914	0.07221028016769249
914	540	0.07221028016769249
702	953	0.07101681829549045
953	702	0.07101681829549045
949	952	0.07062156432354016
952	949	0.07062156432354016
715	933	0.07053546909471531
933	715	0.07053546909471531
631	914	0.07050776085819654
914	631	0.07050776085819654
331	933	0.07018698230686016
933	331	0.07018698230686016
603	953	0.06998435113244028
953	603	0.06998435113244028
923	953	0.06962917162332904
953	923	0.06962917162332904
932	948	0.06952793047001249
948	932	0.06952793047001249
701	933	0.06912035058345878
933	701	0.06912035058345878
419	914	0.0683489974942193
914	419	0.0683489974942193
700	847	0.06818495842802297
847	700	0.06818495842802297
663	914	0.06743886843258817
914	663	0.06743886843258817
456	933	0.06710174796433432
933	456	0.06710174796433432
525	933	0.06615899040681539
933	525	0.06615899040681539
368	941	0.06588263708489173
941	368	0.06588263708489173
901	914	0.0654025504900595
914	901	0.0654025504900595
409	953	0.0651255113624356
953	409	0.0651255113624356
880	933	0.06471085294477574
933	880	0.06471085294477574
83	933	0.06450371077114636
933	83	0.06450371077114636
541	953	0.06436118556335035
953	541	0.06436118556335035
847	948	0.06416343172100136
948	847	0.06416343172100136
845	933	0.06413160732087508
933	845	0.06413160732087508
276	953	0.06341166588019864
953	276	0.06341166588019864
771	914	0.06333607901766825
914	771	0.06333607901766825
475	914	0.06322042046920373
914	475	0.06322042046920373
419	953	0.06242077937246493
953	419	0.06242077937246493
350	914	0.06221155178842008
914	350	0.06221155178842008
406	948	0.06199039238345261
948	406	0.06199039238345261
107	914	0.06195862410042552
914	107	0.06195862410042552
706	933	0.06191299915517323
933	706	0.06191299915517323
925	953	0.06168238079296584
953	925	0.06168238079296584
309	914	0.061567594117924784
914	309	0.061567594117924784
924	948	0.06151437177528951
948	924	0.06151437177528951
339	933	0.060915346218075594
933	339	0.060915346218075594
849	914	0.060545212632815204
914	849	0.060545212632815204
949	951	0.060464898268271616
951	949	0.060464898268271616
368	700	0.06038495986719972
700	368	0.06038495986719972
107	953	0.06034733891416755
953	107	0.06034733891416755
914	934	0.05968415664574045
934	914	0.05968415664574045
866	914	0.05924611625689047
914	866	0.05924611625689047
541	914	0.05919832262692326
914	541	0.05919832262692326
624	914	0.059174231729842264
914	624	0.059174231729842264
474	941	0.05894605749508797
941	474	0.05894605749508797
951	952	0.05883125411549561
952	951	0.05883125411549561
406	700	0.05826325014903189
700	406	0.05826325014903189
744	914	0.05787421212355737
914	744	0.05787421212355737
276	948	0.05779187514140505
948	276	0.05779187514140505
941	952	0.057411520866472276
952	941	0.057411520866472276
911	917	0.057400096041814175
917	911	0.057400096041814175
827	914	0.057344999231945026
914	827	0.057344999231945026
474	700	0.05717810692597847
700	474	0.05717810692597847
728	914	0.05684899719376579
914	728	0.05684899719376579
570	914	0.05673817214711607
914	570	0.05673817214711607
941	947	0.0566869558325136
947	941	0.0566869558325136
575	914	0.05661758199828548
914	575	0.05661758199828548
726	953	0.056406038150748516
953	726	0.056406038150748516
914	954	0.056254697434197976
954	914	0.056254697434197976
544	953	0.056190693574631245
953	544	0.056190693574631245
914	922	0.05591141843214564
922	914	0.05591141843214564
447	953	0.05537953711445298
953	447	0.05537953711445298
688	914	0.05491364643176744
914	688	0.05491364643176744
474	952	0.05486723468834964
952	474	0.05486723468834964
42	914	0.05444800427308283
914	42	0.05444800427308283
621	914	0.05420560047250511
914	621	0.05420560047250511
575	953	0.054030431039307825
953	575	0.054030431039307825
865	953	0.05346340134408911
953	865	0.05346340134408911
914	918	0.05306936497407633
918	914	0.05306936497407633
415	914	0.05249619420662355
914	415	0.05249619420662355
865	914	0.0524390120908822
914	865	0.0524390120908822
901	953	0.052179527680423776
953	901	0.052179527680423776
546	914	0.05214725195433845
914	546	0.05214725195433845
547	914	0.05199952594619428
914	547	0.05199952594619428
767	953	0.0518887318534218
953	767	0.0518887318534218
447	914	0.05185614063078825
914	447	0.05185614063078825
910	941	0.05181679762852265
941	910	0.05181679762852265
458	933	0.05132386475887629
933	458	0.05132386475887629
718	914	0.05131631784729773
914	718	0.05131631784729773
866	953	0.0513130386832763
953	866	0.0513130386832763
32	914	0.05071156968631296
914	32	0.05071156968631296
60	914	0.05029702065273289
914	60	0.05029702065273289
470	914	0.05007576532121205
914	470	0.05007576532121205
414	914	0.04997821397850788
914	414	0.04997821397850788
879	941	0.049875674866004305
941	879	0.049875674866004305
594	953	0.04986540004888185
953	594	0.04986540004888185
716	914	0.04978447105699968
914	716	0.04978447105699968
870	914	0.04950529465134368
914	870	0.04950529465134368
290	914	0.04948304876280463
914	290	0.04948304876280463
941	955	0.04944171096455907
955	941	0.04944171096455907
290	953	0.04920001713987232
953	290	0.04920001713987232
16	914	0.04904577096915452
914	16	0.04904577096915452
415	953	0.04887273336583453
953	415	0.04887273336583453
373	914	0.048709951829551734
914	373	0.048709951829551734
663	953	0.048674953249455255
953	663	0.048674953249455255
623	914	0.04774284672045814
914	623	0.04774284672045814
665	914	0.047515531137529265
914	665	0.047515531137529265
849	953	0.04750738268323573
953	849	0.04750738268323573
107	948	0.047486465215691664
948	107	0.047486465215691664
160	914	0.047454632126328056
914	160	0.047454632126328056
700	932	0.04744859611115859
932	700	0.04744859611115859
528	914	0.047327024135684015
914	528	0.047327024135684015
759	914	0.047266865568595495
914	759	0.047266865568595495
667	914	0.04717569057198223
914	667	0.04717569057198223
544	914	0.04713093341322483
914	544	0.04713093341322483
31	914	0.04682637592218941
914	31	0.04682637592218941
65	914	0.046702987393462125
914	65	0.046702987393462125
65	953	0.04666925557636903
953	65	0.04666925557636903
373	953	0.04665799423647732
953	373	0.04665799423647732
953	954	0.04618210310139981
954	953	0.04618210310139981
624	953	0.04586211473254087
953	624	0.04586211473254087
770	953	0.045558418230659425
953	770	0.045558418230659425
434	914	0.04552626744433419
914	434	0.04552626744433419
914	926	0.0455041210265017
926	914	0.0455041210265017
700	879	0.04539959914444647
879	700	0.04539959914444647
226	914	0.04526287770211734
914	226	0.04526287770211734
767	948	0.045045136112048745
948	767	0.045045136112048745
350	953	0.04479038771515964
953	350	0.04479038771515964
406	941	0.044609814369480194
941	406	0.044609814369480194
270	914	0.04455677629817267
914	270	0.04455677629817267
425	914	0.04453737590321394
914	425	0.04453737590321394
596	914	0.04447302559262578
914	596	0.04447302559262578
463	933	0.0443723003784815
933	463	0.0443723003784815
671	914	0.04434538693543377
914	671	0.04434538693543377
666	941	0.04427713643233688
941	666	0.04427713643233688
874	914	0.043862679659763204
914	874	0.043862679659763204
438	914	0.04371716603577602
914	438	0.04371716603577602
449	933	0.04369975055024544
933	449	0.04369975055024544
912	941	0.043422146282514174
941	912	0.043422146282514174
700	924	0.0433423104063555
924	700	0.0433423104063555
770	914	0.04314844882683011
914	770	0.04314844882683011
666	700	0.04313203213169503
700	666	0.04313203213169503
303	914	0.043118963750119255
914	303	0.043118963750119255
563	914	0.043076160514285755
914	563	0.043076160514285755
60	953	0.04285706129368849
953	60	0.04285706129368849
592	914	0.04284215250301071
914	592	0.04284215250301071
351	914	0.042764639628366075
914	351	0.042764639628366075
603	948	0.04274270892456289
948	603	0.04274270892456289
920	953	0.04265618303907992
953	920	0.04265618303907992
2	914	0.042648915708795476
914	2	0.042648915708795476
797	914	0.04254112691299494
914	797	0.04254112691299494
452	914	0.042421113175961755
914	452	0.042421113175961755
468	914	0.042401761101585445
914	468	0.042401761101585445
419	948	0.04227108049314032
948	419	0.04227108049314032
232	914	0.04223060881043095
914	232	0.04223060881043095
540	953	0.04178812329079906
953	540	0.04178812329079906
8	914	0.041767117927173913
914	8	0.041767117927173913
879	952	0.04173547116715581
952	879	0.04173547116715581
57	914	0.041650104841384206
914	57	0.041650104841384206
398	914	0.04161060060859101
914	398	0.04161060060859101
426	914	0.041452747296492065
914	426	0.041452747296492065
695	914	0.041434759347155126
914	695	0.041434759347155126
747	953	0.04141550865349575
953	747	0.04141550865349575
906	914	0.04132102319871911
914	906	0.04132102319871911
771	953	0.04121979132830922
953	771	0.04121979132830922
748	914	0.041199992152869624
914	748	0.041199992152869624
609	914	0.04111200434915174
914	609	0.04111200434915174
56	914	0.04106826461896684
914	56	0.04106826461896684
744	948	0.04106604187717844
948	744	0.04106604187717844
700	947	0.0410639692139827
947	700	0.0410639692139827
378	914	0.04104386685320249
914	378	0.04104386685320249
213	914	0.041018747558451585
914	213	0.041018747558451585
923	948	0.040883604925716854
948	923	0.040883604925716854
88	914	0.04078850848836635
914	88	0.04078850848836635
563	953	0.040660710879565354
953	563	0.040660710879565354
441	914	0.04065832935213587
914	441	0.04065832935213587
766	914	0.040592973839182145
914	766	0.040592973839182145
236	914	0.040592401078628715
914	236	0.040592401078628715
847	941	0.040369111184586526
941	847	0.040369111184586526
590	914	0.04027026207190154
914	590	0.04027026207190154
723	914	0.04008749398640621
914	723	0.04008749398640621
934	953	0.040042831483446895
953	934	0.040042831483446895
546	953	0.03987987152720218
953	546	0.03987987152720218
902	914	0.03980077504860202
914	902	0.03980077504860202
550	914	0.039744923673009414
914	550	0.039744923673009414
688	948	0.039736431217976875
948	688	0.039736431217976875
218	914	0.03965615394634181
914	218	0.03965615394634181
572	933	0.03954389373285716
933	572	0.03954389373285716
444	953	0.039511757966783856
953	444	0.039511757966783856
585	914	0.039491972786409146
914	585	0.039491972786409146
423	953	0.03945855021036704
953	423	0.03945855021036704
231	914	0.03945835144272891
914	231	0.03945835144272891
508	914	0.03928390938797377
914	508	0.03928390938797377
925	948	0.039232385700707306
948	925	0.039232385700707306
830	914	0.03920248137831717
914	830	0.03920248137831717
42	953	0.03887866065122836
953	42	0.03887866065122836
23	914	0.03854404540888989
914	23	0.03854404540888989
703	914	0.038543864127839944
914	703	0.038543864127839944
858	953	0.03852899287302458
953	858	0.03852899287302458
350	948	0.03852465542600614
948	350	0.03852465542600614
468	953	0.03846125477057538
953	468	0.03846125477057538
531	914	0.038444394617127564
914	531	0.038444394617127564
675	914	0.03839382131846647
914	675	0.03839382131846647
819	914	0.038388899650914965
914	819	0.038388899650914965
631	953	0.03833386469879119
953	631	0.03833386469879119
269	914	0.03822584088795189
914	269	0.03822584088795189
46	914	0.038171001458829235
914	46	0.038171001458829235
168	953	0.03808293878325131
953	168	0.03808293878325131
727	914	0.0378198808241621
914	727	0.0378198808241621
189	914	0.037813097566356646
914	189	0.037813097566356646
95	914	0.0377932825185614
914	95	0.0377932825185614
86	914	0.037740921239953984
914	86	0.037740921239953984
689	914	0.03771634309623306
914	689	0.03771634309623306
667	953	0.03770402375917814
953	667	0.03770402375917814
28	914	0.03765346805714875
914	28	0.03765346805714875
544	948	0.03757166309151061
948	544	0.03757166309151061
281	953	0.037507865406891217
953	281	0.037507865406891217
633	914	0.03748949191545403
486	914	0.037379346760859855
914	486	0.037379346760859855
320	953	0.03732838378300918
953	320	0.03732838378300918
19	914	0.03726676945436069
914	19	0.03726676945436069
164	914	0.03722901071118834
914	164	0.03722901071118834
708	914	0.03714943642181967
914	708	0.03714943642181967
388	914	0.037138170251386216
914	388	0.037138170251386216
914	938	0.037089167290745406
938	914	0.037089167290745406
870	953	0.0370737614104264
953	870	0.0370737614104264
617	914	0.03700525041149305
914	617	0.03700525041149305
764	914	0.037000234109365815
914	764	0.037000234109365815
318	914	0.03698831473986597
914	318	0.03698831473986597
665	953	0.036933678624250676
953	665	0.036933678624250676
140	914	0.03673619002713191
914	140	0.03673619002713191
924	941	0.03669624139645622
941	924	0.03669624139645622
62	914	0.03659204096776336
914	62	0.03659204096776336
909	914	0.03653421711717386
914	909	0.03653421711717386
130	914	0.03641124953939867
914	130	0.03641124953939867
794	914	0.036362749014196005
914	794	0.036362749014196005
142	914	0.03625731079011141
914	142	0.03625731079011141
283	914	0.0360807322969261
914	283	0.0360807322969261
914	936	0.03603658763155515
936	914	0.03603658763155515
113	953	0.03601035396471297
953	113	0.03601035396471297
272	914	0.036007594085320394
914	272	0.036007594085320394
348	914	0.03594371118004225
914	348	0.03594371118004225
594	914	0.035880494092372484
914	594	0.035880494092372484
350	700	0.035858008867970526
700	350	0.035858008867970526
742	914	0.0358319539713321
914	742	0.0358319539713321
247	914	0.03580117347746259
914	247	0.03580117347746259
674	914	0.03572681447200954
914	674	0.03572681447200954
414	953	0.03572195163305669
953	414	0.03572195163305669
196	914	0.0357194876696596
914	196	0.0357194876696596
207	914	0.03565790991908124
914	207	0.03565790991908124
138	914	0.03556057670735702
914	138	0.03556057670735702
501	953	0.03555723257513321
953	501	0.03555723257513321
639	914	0.035497310032189144
914	639	0.035497310032189144
743	914	0.035400021591136976
914	743	0.035400021591136976
729	914	0.03539833398968528
914	729	0.03539833398968528
74	953	0.03526712768532403
953	74	0.03526712768532403
378	953	0.03524400297674202
953	378	0.03524400297674202
700	901	0.035229424321034486
901	700	0.035229424321034486
535	914	0.035134255055796704
914	535	0.035134255055796704
910	951	0.03508770330264399
951	910	0.03508770330264399
564	914	0.0349409124854938
914	564	0.0349409124854938
230	914	0.034849241654433705
914	230	0.034849241654433705
440	914	0.03481939816153079
914	440	0.03481939816153079
109	914	0.03479104764666774
914	109	0.03479104764666774
286	953	0.03448546352384474
953	286	0.03448546352384474
561	914	0.034470807219215915
914	561	0.034470807219215915
234	914	0.034439825251469935
914	234	0.034439825251469935
63	914	0.03440593306162065
914	63	0.03440593306162065
65	948	0.03426089370709895
948	65	0.03426089370709895
319	914	0.03422993222261872
914	319	0.03422993222261872
470	953	0.03419178621479624
953	470	0.03419178621479624
597	914	0.03418728831752271
914	597	0.03418728831752271
847	949	0.034144213063552975
949	847	0.034144213063552975
428	917	0.03408622915904824
917	428	0.03408622915904824
842	914	0.03403288635500634
914	842	0.03403288635500634
914	937	0.03401663102183772
937	914	0.03401663102183772
858	914	0.03392748904517329
914	858	0.03392748904517329
165	914	0.033855599946564174
914	165	0.033855599946564174
932	941	0.03382988555259403
941	932	0.03382988555259403
409	948	0.03380043976061775
948	409	0.03380043976061775
573	914	0.03376954149612699
914	573	0.03376954149612699
666	949	0.033754586942624565
949	666	0.033754586942624565
702	914	0.03371818773382418
914	702	0.03371818773382418
471	933	0.033694315851910295
933	471	0.033694315851910295
190	914	0.033599251108124006
914	190	0.033599251108124006
914	945	0.03354254290254555
945	914	0.03354254290254555
747	914	0.033528814268467766
914	747	0.033528814268467766
791	914	0.03350711042796606
914	791	0.03350711042796606
443	914	0.03346042725518661
914	443	0.03346042725518661
216	914	0.03345921958314202
914	216	0.03345921958314202
926	953	0.03343511864471127
953	926	0.03343511864471127
418	917	0.033424699685453696
917	418	0.033424699685453696
214	914	0.033343247578651036
914	214	0.033343247578651036
552	914	0.03333519439434518
914	552	0.03333519439434518
861	914	0.03328272031752766
914	861	0.03328272031752766
480	914	0.03325157187565386
914	480	0.03325157187565386
395	914	0.03324208011941354
914	395	0.03324208011941354
266	914	0.033236271617876456
914	266	0.033236271617876456
800	914	0.03322303356649159
914	800	0.03322303356649159
462	933	0.03317334383591808
933	462	0.03317334383591808
476	914	0.03313134424300035
914	476	0.03313134424300035
568	914	0.03308829364657284
914	568	0.03308829364657284
191	914	0.03298600810663066
914	191	0.03298600810663066
906	953	0.03298375950851429
953	906	0.03298375950851429
149	914	0.03286877943453681
914	149	0.03286877943453681
312	914	0.03283988820939232
914	312	0.03283988820939232
37	914	0.032828267905215425
914	37	0.032828267905215425
937	953	0.032751257402429346
953	937	0.032751257402429346
596	941	0.03270213734452154
941	596	0.03270213734452154
574	914	0.03268946196572031
914	574	0.03268946196572031
281	914	0.03268538106938057
914	281	0.03268538106938057
492	914	0.03266580753469461
914	492	0.03266580753469461
280	914	0.03265688681347467
914	280	0.03265688681347467
793	914	0.03254879623403095
914	793	0.03254879623403095
609	953	0.032543931130100345
953	609	0.032543931130100345
475	948	0.03253918267959288
948	475	0.03253918267959288
767	941	0.032386602607618276
941	767	0.032386602607618276
432	914	0.032323002731951433
914	432	0.032323002731951433
368	952	0.032291033374186595
952	368	0.032291033374186595
596	948	0.03228494596344711
948	596	0.03228494596344711
632	914	0.032199198982525656
914	632	0.032199198982525656
846	914	0.032128081916591
914	846	0.032128081916591
410	914	0.03212008266867117
914	410	0.03212008266867117
475	953	0.03199720102008108
953	475	0.03199720102008108
481	914	0.031948645263484954
914	481	0.031948645263484954
844	914	0.031843506426796564
914	844	0.031843506426796564
423	914	0.03183582555813169
914	423	0.03183582555813169
286	914	0.03182177801050723
914	286	0.03182177801050723
664	914	0.03170818655878249
914	664	0.03170818655878249
374	914	0.03169176469762425
914	374	0.03169176469762425
596	953	0.03168184660109152
953	596	0.03168184660109152
71	914	0.03161680218954377
914	71	0.03161680218954377
68	914	0.03155671727649789
914	68	0.03155671727649789
258	914	0.03148671198922659
914	258	0.03148671198922659
225	914	0.03145482028310176
914	225	0.03145482028310176
47	914	0.03140069978237969
914	47	0.03140069978237969
866	941	0.031356987871398845
941	866	0.031356987871398845
494	914	0.03133523624702783
914	494	0.03133523624702783
6	914	0.03128582480541109
914	6	0.03128582480541109
54	914	0.031261405379959806
914	54	0.031261405379959806
82	914	0.03125964783395663
914	82	0.03125964783395663
316	914	0.03121006588545905
914	316	0.03121006588545905
352	914	0.031151679041139246
914	352	0.031151679041139246
393	914	0.031070771473869163
914	393	0.031070771473869163
274	914	0.031053651966927553
914	274	0.031053651966927553
397	914	0.031018191609192947
914	397	0.031018191609192947
914	939	0.030993439894236197
939	914	0.030993439894236197
663	948	0.03091639143326308
948	663	0.03091639143326308
748	953	0.030836194998842492
953	748	0.030836194998842492
803	917	0.030788298476719822
917	803	0.030788298476719822
90	914	0.030782144918199528
914	90	0.030782144918199528
707	914	0.03076838841160323
914	707	0.03076838841160323
886	914	0.030723581699333202
914	886	0.030723581699333202
753	953	0.030619539696087328
953	753	0.030619539696087328
424	953	0.03061903353561246
953	424	0.03061903353561246
77	914	0.0305972007188271
914	77	0.0305972007188271
177	914	0.03056468023690484
914	177	0.03056468023690484
947	951	0.030560169817170246
951	947	0.030560169817170246
530	914	0.030558319348856777
914	530	0.030558319348856777
607	914	0.030534132398387204
914	607	0.030534132398387204
477	953	0.030531923906748526
953	477	0.030531923906748526
603	941	0.030516099121459694
941	603	0.030516099121459694
682	914	0.030510688506069528
914	682	0.030510688506069528
684	914	0.030478877688421724
914	684	0.030478877688421724
336	914	0.030476923642102527
914	336	0.030476923642102527
879	951	0.03045455088653881
951	879	0.03045455088653881
349	914	0.030307422293021524
914	349	0.030307422293021524
298	914	0.03027991959559384
914	298	0.03027991959559384
827	953	0.03024318203396792
953	827	0.03024318203396792
195	914	0.030191824637657128
914	195	0.030191824637657128
840	914	0.030151058046876456
914	840	0.030151058046876456
402	914	0.03015072716629752
914	402	0.03015072716629752
870	948	0.03010416760040968
948	870	0.03010416760040968
452	953	0.030100164354676107
953	452	0.030100164354676107
859	914	0.029993797251645082
914	859	0.029993797251645082
884	914	0.0299720762320419
914	884	0.0299720762320419
514	914	0.02994917843951672
914	514	0.02994917843951672
351	953	0.029941503703608152
953	351	0.029941503703608152
354	914	0.02982681434136647
914	354	0.02982681434136647
711	914	0.02976795369130958
541	948	0.029712767388137884
948	541	0.029712767388137884
784	914	0.02960498908498943
914	784	0.02960498908498943
790	914	0.029538280078968082
914	790	0.029538280078968082
474	951	0.02947797902222926
951	474	0.02947797902222926
380	914	0.029424729631917
914	380	0.029424729631917
586	914	0.02936341657935948
914	586	0.02936341657935948
184	914	0.029343636803686346
914	184	0.029343636803686346
368	951	0.02933765730752924
951	368	0.02933765730752924
657	914	0.029201206034943805
914	657	0.029201206034943805
118	914	0.029163305724212885
914	118	0.029163305724212885
489	914	0.029068730438670976
914	489	0.029068730438670976
621	953	0.028973078730361923
953	621	0.028973078730361923
437	914	0.02896461821623597
914	437	0.02896461821623597
626	914	0.02882240936344349
914	626	0.02882240936344349
13	953	0.028689606226212527
953	13	0.028689606226212527
111	914	0.02861703328099896
914	111	0.02861703328099896
145	914	0.028597331299003326
914	145	0.028597331299003326
713	914	0.02858990379206472
914	713	0.02858990379206472
192	914	0.02858373517998003
914	192	0.02858373517998003
321	914	0.02855738853028722
914	321	0.02855738853028722
62	953	0.02853262551635294
953	62	0.02853262551635294
236	953	0.02852414953501259
953	236	0.02852414953501259
288	914	0.028458866386679382
914	288	0.028458866386679382
646	914	0.028437602237015636
914	646	0.028437602237015636
114	914	0.028141225629646938
914	114	0.028141225629646938
744	953	0.028092080625168103
953	744	0.028092080625168103
373	948	0.028066595212664636
948	373	0.028066595212664636
313	914	0.028060995460522653
914	313	0.028060995460522653
882	914	0.028042336076834706
914	882	0.028042336076834706
425	953	0.028036250231178617
953	425	0.028036250231178617
435	914	0.02796159456763414
914	435	0.02796159456763414
565	914	0.027894182157088165
914	565	0.027894182157088165
949	955	0.02787939321433086
955	949	0.02787939321433086
97	914	0.02775014931730979
914	97	0.02775014931730979
834	914	0.027741752524162777
914	834	0.027741752524162777
5	914	0.027741225391285873
914	5	0.027741225391285873
16	953	0.027731433853822374
953	16	0.027731433853822374
320	914	0.027721855015935715
914	320	0.027721855015935715
323	914	0.027701991672488324
914	323	0.027701991672488324
95	953	0.02768735068658179
953	95	0.02768735068658179
317	914	0.02765144689970489
914	317	0.02765144689970489
532	933	0.027645887799121915
933	532	0.027645887799121915
932	951	0.027550856102563692
951	932	0.027550856102563692
99	914	0.027511902638605257
914	99	0.027511902638605257
121	914	0.027511346933257963
914	121	0.027511346933257963
641	914	0.02749117951685376
914	641	0.02749117951685376
267	914	0.027478778786750535
914	267	0.027478778786750535
122	914	0.027473324930574083
914	122	0.027473324930574083
383	914	0.02728492275462191
914	383	0.02728492275462191
559	914	0.02728113399248877
914	559	0.02728113399248877
907	914	0.027262678298915377
914	907	0.027262678298915377
721	914	0.027253404604418385
914	721	0.027253404604418385
307	914	0.027221166274577158
914	307	0.027221166274577158
912	948	0.02719955450905487
948	912	0.02719955450905487
134	914	0.027164576642641602
914	134	0.027164576642641602
637	914	0.027142587709299226
914	637	0.027142587709299226
728	953	0.027099927792236134
953	728	0.027099927792236134
255	914	0.027007207388501264
914	255	0.027007207388501264
909	953	0.026977416616879246
953	909	0.026977416616879246
379	914	0.026967208118553687
914	379	0.026967208118553687
901	948	0.026920439122925854
948	901	0.026920439122925854
7	914	0.02691792062796483
914	7	0.02691792062796483
168	914	0.026878100948785733
914	168	0.026878100948785733
128	914	0.02685168144058281
914	128	0.02685168144058281
566	914	0.026826615716280422
914	566	0.026826615716280422
791	953	0.026797353427374215
953	791	0.026797353427374215
700	726	0.026704589995251826
726	700	0.026704589995251826
40	914	0.026676430819312813
914	40	0.026676430819312813
222	914	0.02662837711951127
914	222	0.02662837711951127
508	953	0.02660247964343343
953	508	0.02660247964343343
799	914	0.02658158584007153
914	799	0.02658158584007153
651	914	0.026564856108414636
914	651	0.026564856108414636
94	914	0.026534033879705987
914	94	0.026534033879705987
688	953	0.026521651815199387
953	688	0.026521651815199387
700	866	0.026507396457984722
866	700	0.026507396457984722
615	914	0.026497998384178434
914	615	0.026497998384178434
718	953	0.026487912467950903
953	718	0.026487912467950903
429	917	0.026487195120885376
917	429	0.026487195120885376
343	914	0.026474027173322368
914	343	0.026474027173322368
108	914	0.026454997555568793
914	108	0.026454997555568793
866	948	0.02641193458666069
948	866	0.02641193458666069
326	914	0.02640659841475035
914	326	0.02640659841475035
314	914	0.026305602843486042
914	314	0.026305602843486042
656	914	0.026268398491441802
914	656	0.026268398491441802
155	914	0.026249284822583707
914	155	0.026249284822583707
441	953	0.026078096942555806
953	441	0.026078096942555806
265	914	0.026046451813770632
914	265	0.026046451813770632
563	948	0.025978254347040153
948	563	0.025978254347040153
43	914	0.025973119002296485
914	43	0.025973119002296485
914	940	0.025949385590854135
940	914	0.025949385590854135
655	914	0.025925154022506502
914	655	0.025925154022506502
162	914	0.02589246919056043
914	162	0.02589246919056043
396	914	0.02586059713606148
914	396	0.02586059713606148
355	914	0.02584266036117855
914	355	0.02584266036117855
661	914	0.025801021727045903
914	661	0.025801021727045903
133	914	0.02579200898931866
914	133	0.02579200898931866
100	914	0.025784632103321048
914	100	0.025784632103321048
925	941	0.02575992472700306
941	925	0.02575992472700306
93	914	0.02568764699378101
914	93	0.02568764699378101
652	914	0.02567620322123143
914	652	0.02567620322123143
245	914	0.02566981379880451
914	245	0.02566981379880451
853	914	0.025666317515036452
914	853	0.025666317515036452
464	914	0.025659948546867817
914	464	0.025659948546867817
25	914	0.02565703597484048
914	25	0.02565703597484048
444	914	0.025637286154574834
914	444	0.025637286154574834
634	914	0.025627163135846898
250	914	0.025579840599889936
914	250	0.025579840599889936
32	953	0.025558388794586495
953	32	0.025558388794586495
220	953	0.025512578204800018
953	220	0.025512578204800018
155	953	0.025455681747007075
953	155	0.025455681747007075
309	948	0.025455144966233023
948	309	0.025455144966233023
44	914	0.025330018510663077
914	44	0.025330018510663077
778	914	0.025271700801641206
914	778	0.025271700801641206
338	914	0.025211128648658487
914	338	0.025211128648658487
726	948	0.02519684564107516
948	726	0.02519684564107516
624	948	0.025173794455982668
948	624	0.025173794455982668
854	953	0.025152667369797932
953	854	0.025152667369797932
300	914	0.025036764542543555
914	300	0.025036764542543555
26	914	0.024981888765596594
914	26	0.024981888765596594
735	914	0.024953629190269444
914	735	0.024953629190269444
220	914	0.02491942497198174
914	220	0.02491942497198174
787	914	0.024858049597918486
914	787	0.024858049597918486
409	941	0.024841334727434772
941	409	0.024841334727434772
329	914	0.024774936206693576
914	329	0.024774936206693576
459	914	0.024770625456823847
914	459	0.024770625456823847
193	914	0.024763787140299476
914	193	0.024763787140299476
225	953	0.024741141669234246
953	225	0.024741141669234246
622	933	0.02474101173062282
933	622	0.02474101173062282
309	953	0.02470826712965124
953	309	0.02470826712965124
102	914	0.024704565560619285
914	102	0.024704565560619285
497	914	0.024699792171666735
914	497	0.024699792171666735
48	914	0.02469190509041841
914	48	0.02469190509041841
631	948	0.024675451539007964
948	631	0.024675451539007964
84	914	0.024662007274896647
914	84	0.024662007274896647
695	948	0.024644563185252766
948	695	0.024644563185252766
175	914	0.024640852883003994
914	175	0.024640852883003994
951	955	0.02461335497639361
955	951	0.02461335497639361
9	914	0.024528819231158572
914	9	0.024528819231158572
231	953	0.02451992115115642
953	231	0.02451992115115642
755	914	0.02451185277362944
914	755	0.02451185277362944
96	914	0.024493412774414747
914	96	0.024493412774414747
22	914	0.02445995137033674
914	22	0.02445995137033674
726	941	0.02444126492249543
941	726	0.02444126492249543
57	953	0.02443344723344265
953	57	0.02443344723344265
113	914	0.024431504498527712
914	113	0.024431504498527712
668	914	0.024421294846810104
914	668	0.024421294846810104
605	914	0.024389527690816815
914	605	0.024389527690816815
576	914	0.024355764917461054
914	576	0.024355764917461054
210	914	0.02430595663974211
914	210	0.02430595663974211
187	914	0.02428713612284983
914	187	0.02428713612284983
769	914	0.024240594887510847
914	769	0.024240594887510847
952	955	0.024184756128667884
955	952	0.024184756128667884
332	914	0.024154698503311423
914	332	0.024154698503311423
123	914	0.02413008050380827
914	123	0.02413008050380827
695	953	0.02408449597574025
953	695	0.02408449597574025
700	923	0.024052816939682975
923	700	0.024052816939682975
218	953	0.023938601110473412
953	218	0.023938601110473412
789	914	0.023911470828340553
914	789	0.023911470828340553
148	914	0.023907756045796535
914	148	0.023907756045796535
553	914	0.023841752507629543
914	553	0.023841752507629543
384	914	0.023800130267317865
914	384	0.023800130267317865
733	914	0.023799765142731966
914	733	0.023799765142731966
294	914	0.023797527123123885
914	294	0.023797527123123885
328	953	0.023790974777000873
953	328	0.023790974777000873
38	914	0.02377674129359386
914	38	0.02377674129359386
284	953	0.023774691623489108
953	284	0.023774691623489108
953	922	0.023723183232457368
666	951	0.02369134342231627
951	666	0.02369134342231627
923	941	0.023685786596379543
941	923	0.023685786596379543
197	914	0.023674593663771226
914	197	0.023674593663771226
249	914	0.023614800110054457
914	249	0.023614800110054457
70	914	0.02361128812928648
914	70	0.02361128812928648
542	914	0.023536450461028036
914	542	0.023536450461028036
700	925	0.0234156573416191
925	700	0.0234156573416191
265	953	0.02340258862593836
953	265	0.02340258862593836
127	914	0.023392847714863718
914	127	0.023392847714863718
455	914	0.023358302030808797
914	455	0.023358302030808797
87	914	0.023322026840103982
914	87	0.023322026840103982
284	914	0.023321759545418708
914	284	0.023321759545418708
169	914	0.0233184275780689
914	169	0.0233184275780689
897	914	0.02328504543996135
914	897	0.02328504543996135
283	953	0.023199533259933514
953	283	0.023199533259933514
231	948	0.02314748954156065
948	231	0.02314748954156065
507	914	0.02313676554138122
914	507	0.02313676554138122
685	914	0.023127626254777267
914	685	0.023127626254777267
87	953	0.023127533159663205
953	87	0.023127533159663205
447	948	0.023124294505476373
948	447	0.023124294505476373
791	948	0.023080996440809187
948	791	0.023080996440809187
262	914	0.022931779006289066
914	262	0.022931779006289066
732	914	0.022918065361600126
914	732	0.022918065361600126
517	914	0.02285672236009839
914	517	0.02285672236009839
13	914	0.022850275671361775
914	13	0.022850275671361775
561	953	0.022832687370150095
953	561	0.022832687370150095
30	953	0.022811481155350588
953	30	0.022811481155350588
200	914	0.022807364424973997
914	200	0.022807364424973997
8	953	0.02277263569109622
953	8	0.02277263569109622
723	953	0.02273094613389426
953	723	0.02273094613389426
66	914	0.022707567356297753
914	66	0.022707567356297753
575	948	0.022689704310712377
948	575	0.022689704310712377
432	953	0.022659438125660625
953	432	0.022659438125660625
49	914	0.022657457778346934
914	49	0.022657457778346934
662	914	0.02264768130187389
914	662	0.02264768130187389
353	914	0.022602315130639372
914	353	0.022602315130639372
195	953	0.02256267195071593
953	195	0.02256267195071593
649	914	0.022560422151121973
914	649	0.022560422151121973
571	914	0.022547071018492293
914	571	0.022547071018492293
635	914	0.022502275747418476
914	635	0.022502275747418476
11	914	0.0224115214129168
914	11	0.0224115214129168
136	914	0.022392770892172065
914	136	0.022392770892172065
533	914	0.02237714527351664
914	533	0.02237714527351664
89	914	0.022357312960539888
914	89	0.022357312960539888
847	952	0.022343240156412758
952	847	0.022343240156412758
6	953	0.022336057255668562
953	6	0.022336057255668562
828	914	0.0223194829161113
914	828	0.0223194829161113
648	914	0.02231173895206129
914	648	0.02231173895206129
709	914	0.02223344636678415
914	709	0.02223344636678415
295	953	0.022225444740859635
953	295	0.022225444740859635
628	953	0.02221308275646594
953	628	0.02221308275646594
472	914	0.02220049298674387
914	472	0.02220049298674387
593	914	0.022103717580575832
914	593	0.022103717580575832
49	953	0.022101596922171174
953	49	0.022101596922171174
424	914	0.022054036665642096
914	424	0.022054036665642096
58	914	0.022049680633036806
914	58	0.022049680633036806
74	914	0.022037028617248877
914	74	0.022037028617248877
377	914	0.021971931050893012
914	377	0.021971931050893012
28	953	0.02188707049008798
953	28	0.02188707049008798
358	914	0.021827466156447706
914	358	0.021827466156447706
782	914	0.021681767953334985
914	782	0.021681767953334985
341	914	0.021674275040559854
914	341	0.021674275040559854
269	953	0.0216500551726182
953	269	0.0216500551726182
73	914	0.021649332809245747
914	73	0.021649332809245747
849	948	0.021632520572713254
948	849	0.021632520572713254
375	914	0.02163151801442864
914	375	0.02163151801442864
172	914	0.0216141512729644
914	172	0.0216141512729644
143	914	0.021514734067132002
914	143	0.021514734067132002
733	953	0.02150117324855194
953	733	0.02150117324855194
745	953	0.021489736029092876
953	745	0.021489736029092876
202	914	0.021469675733675198
914	202	0.021469675733675198
330	914	0.0214243468944475
914	330	0.0214243468944475
13	948	0.021407506297683065
948	13	0.021407506297683065
686	914	0.021351279435730675
914	686	0.021351279435730675
666	952	0.02133929475419727
952	666	0.02133929475419727
918	953	0.021323682092295737
953	918	0.021323682092295737
470	948	0.02132122851521223
948	470	0.02132122851521223
219	953	0.021309191643426484
953	219	0.021309191643426484
914	944	0.021263272581258708
944	914	0.021263272581258708
276	700	0.0211948921782541
700	276	0.0211948921782541
481	953	0.021188814929308686
953	481	0.021188814929308686
890	953	0.021167281739403965
953	890	0.021167281739403965
179	914	0.021101558421501743
914	179	0.021101558421501743
852	914	0.02109394498390338
914	852	0.02109394498390338
30	914	0.021050126002540415
914	30	0.021050126002540415
4	914	0.021011310470085087
914	4	0.021011310470085087
601	953	0.0210009223555907
953	601	0.0210009223555907
756	914	0.02095715349180116
914	756	0.02095715349180116
731	914	0.02093203482540873
914	731	0.02093203482540873
691	953	0.02091436643712208
953	691	0.02091436643712208
219	914	0.020863016227827158
914	219	0.020863016227827158
16	948	0.020821469068651455
948	16	0.020821469068651455
758	914	0.020808491080624547
914	758	0.020808491080624547
500	914	0.020774763785094796
914	500	0.020774763785094796
770	948	0.020698939440927377
948	770	0.020698939440927377
539	914	0.020696475779760082
914	539	0.020696475779760082
354	953	0.020689081447227142
953	354	0.020689081447227142
145	953	0.020682800364199228
953	145	0.020682800364199228
212	953	0.020674902029119258
953	212	0.020674902029119258
180	914	0.020652437645750865
914	180	0.020652437645750865
914	927	0.020636079739597468
927	914	0.020636079739597468
442	914	0.020504295434093045
914	442	0.020504295434093045
415	948	0.020477023946793738
948	415	0.020477023946793738
474	949	0.020458651560754992
949	474	0.020458651560754992
590	953	0.020371278742381094
953	590	0.020371278742381094
887	914	0.02032398903176169
914	887	0.02032398903176169
752	914	0.020318098451606703
914	752	0.020318098451606703
146	914	0.020298305930145588
914	146	0.020298305930145588
944	953	0.020267474601270097
953	944	0.020267474601270097
547	953	0.02024864439750851
953	547	0.02024864439750851
25	953	0.02023448253370752
953	25	0.02023448253370752
75	914	0.020230771697416827
914	75	0.020230771697416827
139	914	0.020198123066608176
914	139	0.020198123066608176
186	933	0.020154287167285956
933	186	0.020154287167285956
161	914	0.020146863478210486
914	161	0.020146863478210486
727	953	0.020069990802621396
953	727	0.020069990802621396
509	953	0.020066490035741458
953	509	0.020066490035741458
297	914	0.020048746094693648
914	297	0.020048746094693648
716	953	0.02003369339212413
953	716	0.02003369339212413
771	948	0.020013190106541012
948	771	0.020013190106541012
566	953	0.020005212204943668
953	566	0.020005212204943668
861	953	0.01999081924338597
953	861	0.01999081924338597
306	914	0.019965084867347827
914	306	0.019965084867347827
280	953	0.019964591840728074
953	280	0.019964591840728074
30	948	0.019934549725473483
948	30	0.019934549725473483
496	914	0.019931597148096003
914	496	0.019931597148096003
564	953	0.019894109303415064
953	564	0.019894109303415064
215	914	0.019856536809632175
914	215	0.019856536809632175
693	933	0.019718326796994035
933	693	0.019718326796994035
0	914	0.019686456860349866
914	0	0.019686456860349866
391	914	0.01963635435759259
914	391	0.01963635435759259
266	953	0.019588573059352354
953	266	0.019588573059352354
92	914	0.01956954600273475
914	92	0.01956954600273475
455	953	0.019561451005864816
953	455	0.019561451005864816
302	914	0.019552691409591594
914	302	0.019552691409591594
467	914	0.019532103579202875
914	467	0.019532103579202875
35	914	0.01948611622767893
914	35	0.01948611622767893
18	914	0.01947379658913695
914	18	0.01947379658913695
827	941	0.019458904684068523
941	827	0.019458904684068523
558	914	0.019427546096072
914	558	0.019427546096072
37	953	0.01940647985245869
953	37	0.01940647985245869
691	914	0.019384469914476954
914	691	0.019384469914476954
626	953	0.019350172827167667
953	626	0.019350172827167667
488	953	0.019347896841496626
953	488	0.019347896841496626
183	914	0.01931636447116425
914	183	0.01931636447116425
508	948	0.01919759992703418
948	508	0.01919759992703418
847	951	0.01916428696515915
951	847	0.01916428696515915
562	914	0.019161139976090702
914	562	0.019161139976090702
34	914	0.01913362263691276
914	34	0.01913362263691276
774	914	0.019102642855786778
914	774	0.019102642855786778
533	953	0.019085602921554257
953	533	0.019085602921554257
745	914	0.01905953661856219
914	745	0.01905953661856219
488	914	0.0190133437122586
914	488	0.0190133437122586
570	953	0.018989106302357506
953	570	0.018989106302357506
621	948	0.018948108594768254
948	621	0.018948108594768254
854	914	0.018938732791664137
347	953	0.018907603503344417
953	347	0.018907603503344417
254	914	0.018904667458253588
914	254	0.018904667458253588
720	914	0.01879705131749465
914	720	0.01879705131749465
904	914	0.018758395240565218
914	904	0.018758395240565218
156	953	0.018735363035863317
953	156	0.018735363035863317
10	914	0.018724769803096564
914	10	0.018724769803096564
728	948	0.018660342074402703
948	728	0.018660342074402703
1	953	0.018602851773726004
953	1	0.018602851773726004
529	914	0.01853896828185797
914	529	0.01853896828185797
112	953	0.018531969435386042
953	112	0.018531969435386042
308	953	0.018497087413350544
953	308	0.018497087413350544
23	953	0.018485767964315558
953	23	0.018485767964315558
700	870	0.018470899413895125
870	700	0.018470899413895125
664	953	0.018470344527249827
953	664	0.018470344527249827
934	948	0.018294138599291188
948	934	0.018294138599291188
211	914	0.018280710893742613
914	211	0.018280710893742613
185	914	0.018273025205802096
914	185	0.018273025205802096
198	914	0.018129322503765755
914	198	0.018129322503765755
436	914	0.018105926095430602
914	436	0.018105926095430602
778	953	0.0180992216469944
953	778	0.0180992216469944
182	914	0.018072250158591707
914	182	0.018072250158591707
810	914	0.018071416747809765
914	810	0.018071416747809765
137	914	0.01806118513363897
914	137	0.01806118513363897
119	914	0.018052127904150783
914	119	0.018052127904150783
382	914	0.01804387694084353
914	382	0.01804387694084353
888	914	0.018020099031924808
914	888	0.018020099031924808
127	953	0.01801055985967026
953	127	0.01801055985967026
780	914	0.01799657737655247
914	780	0.01799657737655247
890	914	0.01798351693444733
914	890	0.01798351693444733
438	953	0.01797786767849696
953	438	0.01797786767849696
509	914	0.017965716962974332
914	509	0.017965716962974332
898	914	0.017934637185405
914	898	0.017934637185405
420	914	0.017932290522394423
914	420	0.017932290522394423
321	953	0.017914071120946007
953	321	0.017914071120946007
470	700	0.017894934217733693
700	470	0.017894934217733693
469	914	0.017772263527361165
914	469	0.017772263527361165
149	953	0.01771556917993422
953	149	0.01771556917993422
292	914	0.01756247764229224
914	292	0.01756247764229224
21	953	0.01754741343611821
953	21	0.01754741343611821
1	914	0.017467834110692193
914	1	0.017467834110692193
258	953	0.017453524516372054
953	258	0.017453524516372054
166	914	0.017442344133939525
914	166	0.017442344133939525
492	953	0.017396879885367866
953	492	0.017396879885367866
356	953	0.017332704510091723
953	356	0.017332704510091723
876	914	0.017329387967140564
914	876	0.017329387967140564
738	953	0.01728016807149202
953	738	0.01728016807149202
137	953	0.01725343639724608
953	137	0.01725343639724608
353	953	0.01722277035419606
953	353	0.01722277035419606
142	953	0.01719608892871438
953	142	0.01719608892871438
136	953	0.01719489574005273
953	136	0.01719489574005273
700	912	0.01717269652250608
912	700	0.01717269652250608
53	914	0.017166861492120766
914	53	0.017166861492120766
239	914	0.01714885499452934
914	239	0.01714885499452934
15	914	0.01714284855495718
914	15	0.01714284855495718
154	953	0.01711112321323882
953	154	0.01711112321323882
114	953	0.01709252496826874
953	114	0.01709252496826874
581	914	0.01706839269742022
914	581	0.01706839269742022
763	914	0.01696063715227658
914	763	0.01696063715227658
347	914	0.01694033500813452
914	347	0.01694033500813452
413	914	0.016898354695630502
914	413	0.016898354695630502
848	914	0.0168916188031214
914	848	0.0168916188031214
614	914	0.01687388638377918
914	614	0.01687388638377918
811	914	0.016855637196435014
914	811	0.016855637196435014
122	953	0.01684716215805171
953	122	0.01684716215805171
549	914	0.016838851159584278
914	549	0.016838851159584278
177	953	0.01683421121945372
953	177	0.01683421121945372
346	914	0.01682836110871655
914	346	0.01682836110871655
156	914	0.01665938242292353
914	156	0.01665938242292353
945	953	0.016653634282316032
953	945	0.016653634282316032
873	914	0.0166410130386061
914	873	0.0166410130386061
288	953	0.016634445302074807
953	288	0.016634445302074807
414	948	0.016581808373515194
948	414	0.016581808373515194
599	914	0.016514179131954076
914	599	0.016514179131954076
608	914	0.01645695003831471
914	608	0.01645695003831471
540	948	0.016376129543558715
948	540	0.016376129543558715
675	953	0.01635548656957453
953	675	0.01635548656957453
474	879	0.016353878699645996
879	474	0.016353878699645996
551	914	0.01635208131950172
914	551	0.01635208131950172
82	953	0.01634276211420671
953	82	0.01634276211420671
293	914	0.016340264309061325
914	293	0.016340264309061325
36	953	0.016327350432941312
953	36	0.016327350432941312
201	914	0.01631012186697145
914	201	0.01631012186697145
712	914	0.016308461023202936
914	712	0.016308461023202936
872	953	0.016283617952202567
953	872	0.016283617952202567
724	914	0.01624860101231662
914	724	0.01624860101231662
684	953	0.01624123294334967
953	684	0.01624123294334967
500	953	0.01623476915525357
953	500	0.01623476915525357
163	914	0.016227467777650162
914	163	0.016227467777650162
401	953	0.01619759717597047
953	401	0.01619759717597047
739	914	0.016192667725444476
914	739	0.016192667725444476
842	953	0.01614806365366106
953	842	0.01614806365366106
201	948	0.016126824748289303
948	201	0.016126824748289303
893	914	0.016043303187317948
914	893	0.016043303187317948
736	914	0.015985194598425734
914	736	0.015985194598425734
617	953	0.015953046333171406
953	617	0.015953046333171406
717	914	0.015929852127009037
914	717	0.015929852127009037
863	914	0.01590471688328532
914	863	0.01590471688328532
567	914	0.015878413083604492
914	567	0.015878413083604492
112	914	0.015866274178746087
914	112	0.015866274178746087
752	953	0.015845592562441002
953	752	0.015845592562441002
110	914	0.015782962927137767
914	110	0.015782962927137767
556	914	0.015782868856422105
914	556	0.015782868856422105
727	948	0.0157479307844679
948	727	0.0157479307844679
336	948	0.015747805251776548
948	336	0.015747805251776548
433	914	0.015687386459549924
914	433	0.015687386459549924
14	914	0.015623542984196659
914	14	0.015623542984196659
16	941	0.015612718401047498
941	16	0.015612718401047498
486	948	0.015594042387612417
948	486	0.015594042387612417
482	914	0.015571822682409309
914	482	0.015571822682409309
633	953	0.01556240013281407
953	633	0.01556240013281407
296	914	0.015544094098270067
914	296	0.015544094098270067
371	914	0.015529422396008075
914	371	0.015529422396008075
264	953	0.01551545843834612
953	264	0.01551545843834612
295	914	0.015455677576251547
914	295	0.015455677576251547
734	914	0.015390441314910852
914	734	0.015390441314910852
759	953	0.015383476088682846
953	759	0.015383476088682846
27	914	0.01537209735472711
914	27	0.01537209735472711
901	941	0.015271493901191535
941	901	0.015271493901191535
813	914	0.015263840126087613
914	813	0.015263840126087613
381	914	0.01526330346452065
914	381	0.01526330346452065
787	953	0.015252762232689676
953	787	0.015252762232689676
435	953	0.015242041378241922
953	435	0.015242041378241922
736	953	0.01523840907314189
953	736	0.01523840907314189
49	948	0.015225560069009214
948	49	0.015225560069009214
367	914	0.015200807264633243
914	367	0.015200807264633243
59	953	0.015179056454315942
953	59	0.015179056454315942
11	953	0.015098119442185753
953	11	0.015098119442185753
592	953	0.015027674280134518
953	592	0.015027674280134518
559	948	0.014971772372767811
948	559	0.014971772372767811
490	914	0.014937598005246189
914	490	0.014937598005246189
214	953	0.01493553811615489
953	214	0.01493553811615489
856	917	0.014903269424224597
917	856	0.014903269424224597
368	949	0.014894158698258275
949	368	0.014894158698258275
573	953	0.014851529438043576
953	573	0.014851529438043576
324	914	0.014847909422153194
914	324	0.014847909422153194
105	914	0.014779126170085144
914	105	0.014779126170085144
750	914	0.014767971441125072
914	750	0.014767971441125072
774	953	0.014750141029811425
953	774	0.014750141029811425
521	914	0.014726148703355424
914	521	0.014726148703355424
896	914	0.01472180739171458
914	896	0.01472180739171458
99	953	0.014718472801634519
953	99	0.014718472801634519
100	953	0.01469216094331105
953	100	0.01469216094331105
510	914	0.01465710022718092
914	510	0.01465710022718092
426	948	0.014541060646916959
948	426	0.014541060646916959
234	953	0.014538933729714154
953	234	0.014538933729714154
443	953	0.014520002705977086
953	443	0.014520002705977086
308	914	0.014490699511727101
914	308	0.014490699511727101
578	914	0.014487200497326436
914	578	0.014487200497326436
3	914	0.014458784750518427
914	3	0.014458784750518427
920	941	0.014449830064717117
941	920	0.014449830064717117
668	953	0.014438558701042936
953	668	0.014438558701042936
639	953	0.014424891035385468
953	639	0.014424891035385468
766	948	0.014409524140890806
948	766	0.014409524140890806
264	914	0.014388799505847816
914	264	0.014388799505847816
568	953	0.014355673776512923
953	568	0.014355673776512923
226	953	0.014352339539783543
953	226	0.014352339539783543
86	953	0.014346909448111012
953	86	0.014346909448111012
228	914	0.014314014941965159
914	228	0.014314014941965159
700	767	0.01429862193962217
767	700	0.01429862193962217
656	953	0.014278964922032067
953	656	0.014278964922032067
537	914	0.01427779368652149
914	537	0.01427779368652149
798	953	0.014263819736062944
953	798	0.014263819736062944
584	914	0.014259381286113593
914	584	0.014259381286113593
283	948	0.014241732676754992
948	283	0.014241732676754992
516	914	0.014227502957791627
914	516	0.014227502957791627
152	953	0.014214505738404881
953	152	0.014214505738404881
184	953	0.014178217224070533
953	184	0.014178217224070533
642	914	0.014144819231295847
914	642	0.014144819231295847
859	953	0.014141074940310805
953	859	0.014141074940310805
232	948	0.014123813042557165
948	232	0.014123813042557165
673	914	0.014117155690926975
914	673	0.014117155690926975
243	914	0.01410180152377949
914	243	0.01410180152377949
550	953	0.014091113203653416
953	550	0.014091113203653416
647	914	0.01402893558666296
914	647	0.01402893558666296
151	914	0.014012752692032393
914	151	0.014012752692032393
394	914	0.01400954398814469
914	394	0.01400954398814469
587	914	0.014000625447709414
914	587	0.014000625447709414
290	948	0.013990124756542821
948	290	0.013990124756542821
253	914	0.013977155332786317
914	253	0.013977155332786317
610	953	0.013939735209059778
953	610	0.013939735209059778
88	953	0.013875079883315156
953	88	0.013875079883315156
43	953	0.013849092043116018
953	43	0.013849092043116018
285	914	0.013826980587773985
914	285	0.013826980587773985
501	914	0.013798194152292664
914	501	0.013798194152292664
499	953	0.013753719557439315
953	499	0.013753719557439315
542	953	0.01374783004639557
953	542	0.01374783004639557
189	953	0.013735365848482228
953	189	0.013735365848482228
55	914	0.013684452981730821
914	55	0.013684452981730821
194	914	0.013672272852652823
914	194	0.013672272852652823
499	914	0.013669307480852488
914	499	0.013669307480852488
241	914	0.013665345672822182
914	241	0.013665345672822182
815	914	0.013576923709044841
914	815	0.013576923709044841
216	953	0.013549047695738059
953	216	0.013549047695738059
314	953	0.01351562455629729
953	314	0.01351562455629729
465	914	0.013507014912004234
914	465	0.013507014912004234
523	953	0.013495400660481716
953	523	0.013495400660481716
589	953	0.013478140847993814
953	589	0.013478140847993814
125	914	0.013473462658912139
914	125	0.013473462658912139
349	953	0.01344853913125199
953	349	0.01344853913125199
336	941	0.013436010360124762
941	336	0.013436010360124762
315	953	0.013431711775961253
953	315	0.013431711775961253
611	914	0.013426990863133925
914	611	0.013426990863133925
67	914	0.01341428648680143
914	67	0.01341428648680143
206	953	0.013355762470559362
953	206	0.013355762470559362
478	914	0.013328945616219334
914	478	0.013328945616219334
254	948	0.013322842828317638
948	254	0.013322842828317638
359	914	0.013286941482665515
914	359	0.013286941482665515
71	953	0.013270863660899579
953	71	0.013270863660899579
48	953	0.013258626572468346
953	48	0.013258626572468346
548	953	0.013258573733943457
953	548	0.013258573733943457
702	948	0.013221090265792101
948	702	0.013221090265792101
518	914	0.013213048435337438
914	518	0.013213048435337438
325	914	0.013201933897129203
914	325	0.013201933897129203
503	914	0.013159744674392293
914	503	0.013159744674392293
76	914	0.013098031308889535
914	76	0.013098031308889535
645	914	0.013088615208262544
914	645	0.013088615208262544
337	914	0.013087877301202866
914	337	0.013087877301202866
106	914	0.01307243093065047
914	106	0.01307243093065047
769	953	0.013055459598116714
953	769	0.013055459598116714
649	953	0.013035833954849307
953	649	0.013035833954849307
759	948	0.013031417155444869
948	759	0.013031417155444869
309	700	0.013029022923433997
700	309	0.013029022923433997
631	700	0.013020746334756694
700	631	0.013020746334756694
679	914	0.012985404950588864
914	679	0.012985404950588864
636	914	0.012941961958510717
914	636	0.012941961958510717
547	948	0.01293775580229961
948	547	0.01293775580229961
805	917	0.01291452566421114
917	805	0.01291452566421114
263	914	0.01288558077499613
914	263	0.01288558077499613
369	914	0.012872259796707475
914	369	0.012872259796707475
671	953	0.012849911075033082
953	671	0.012849911075033082
513	914	0.012840880792226894
914	513	0.012840880792226894
551	953	0.01281112712236987
953	551	0.01281112712236987
629	933	0.01274045521811673
933	629	0.01274045521811673
833	914	0.012604416584208966
914	833	0.012604416584208966
548	914	0.01257049357625184
914	548	0.01257049357625184
31	953	0.012556106666880007
953	31	0.012556106666880007
543	914	0.012527354937032165
914	543	0.012527354937032165
152	914	0.012510501423170561
914	152	0.012510501423170561
831	914	0.012484190098134729
914	831	0.012484190098134729
89	953	0.012459508106227313
953	89	0.012459508106227313
164	953	0.01243114336873008
953	164	0.01243114336873008
580	914	0.012406013989771258
914	580	0.012406013989771258
271	914	0.012366268679208536
914	271	0.012366268679208536
921	953	0.01228356596662139
953	921	0.01228356596662139
255	953	0.012281318390262808
953	255	0.012281318390262808
178	914	0.012276541954294506
914	178	0.012276541954294506
402	953	0.012266851652678268
953	402	0.012266851652678268
134	953	0.01225911788017564
953	134	0.01225911788017564
72	914	0.012202872644410112
914	72	0.012202872644410112
232	953	0.012196763074658001
953	232	0.012196763074658001
129	953	0.01217034491443858
953	129	0.01217034491443858
142	948	0.012069614693795083
948	142	0.012069614693795083
702	941	0.012056600088624636
941	702	0.012056600088624636
816	914	0.012051152358895978
914	816	0.012051152358895978
101	914	0.012047484006047826
914	101	0.012047484006047826
896	953	0.012036696381717338
953	896	0.012036696381717338
920	948	0.012014670402472172
948	920	0.012014670402472172
346	953	0.011963222451161881
953	346	0.011963222451161881
531	953	0.011922332994470652
953	531	0.011922332994470652
908	953	0.011920699619907715
953	908	0.011920699619907715
351	941	0.011900888372715634
941	351	0.011900888372715634
88	948	0.011890984043677166
948	88	0.011890984043677166
237	914	0.011887834414582743
914	237	0.011887834414582743
909	948	0.011809658295575565
948	909	0.011809658295575565
188	914	0.011766702070930446
914	188	0.011766702070930446
187	953	0.011754215532042034
953	187	0.011754215532042034
898	953	0.011732854864153763
953	898	0.011732854864153763
883	914	0.011701789381516114
914	883	0.011701789381516114
560	914	0.011701301769867056
914	560	0.011701301769867056
446	914	0.01169682193135757
914	446	0.01169682193135757
366	914	0.0116818296556076
914	366	0.0116818296556076
425	948	0.011668321882287724
948	425	0.011668321882287724
69	914	0.011655368630682839
914	69	0.011655368630682839
900	914	0.011618819013733406
914	900	0.011618819013733406
21	914	0.011581906537894149
914	21	0.011581906537894149
609	700	0.01157341347213059
700	609	0.01157341347213059
274	953	0.011572073540326633
953	274	0.011572073540326633
926	948	0.011551803690712292
948	926	0.011551803690712292
610	914	0.011532475309712575
914	610	0.011532475309712575
549	953	0.011514123124997111
953	549	0.011514123124997111
120	914	0.011478298051631475
914	120	0.011478298051631475
304	953	0.011475339422924113
953	304	0.011475339422924113
760	914	0.01146344729949389
914	760	0.01146344729949389
908	948	0.011461169004135296
948	908	0.011461169004135296
66	953	0.011409910859386363
953	66	0.011409910859386363
221	914	0.011338327640107115
914	221	0.011338327640107115
822	914	0.011314091492299339
914	822	0.011314091492299339
268	914	0.011303837089313706
914	268	0.011303837089313706
358	953	0.011293273085541955
953	358	0.011293273085541955
896	948	0.011292181113200073
948	896	0.011292181113200073
841	914	0.011277797851889648
914	841	0.011277797851889648
773	933	0.011264433482983227
933	773	0.011264433482983227
247	953	0.011261451792974109
953	247	0.011261451792974109
348	953	0.011250419323997063
953	348	0.011250419323997063
310	914	0.011242799660795999
914	310	0.011242799660795999
830	953	0.011222353983852296
953	830	0.011222353983852296
699	914	0.011198825537823032
914	699	0.011198825537823032
922	948	0.011168346040503652
948	922	0.011168346040503652
628	914	0.011153372987666721
914	628	0.011153372987666721
647	953	0.01114112002238632
953	647	0.01114112002238632
351	948	0.011122270200919049
948	351	0.011122270200919049
589	914	0.011104640778897945
914	589	0.011104640778897945
650	914	0.011076045816401203
914	650	0.011076045816401203
858	948	0.011062957738766865
948	858	0.011062957738766865
502	914	0.011056139961744371
914	502	0.011056139961744371
203	914	0.011032925884559619
914	203	0.011032925884559619
713	953	0.011017198139340545
953	713	0.011017198139340545
645	953	0.01097899722024298
953	645	0.01097899722024298
392	914	0.010954079411804374
914	392	0.010954079411804374
875	914	0.010952200415914382
914	875	0.010952200415914382
205	914	0.010935051099982385
914	205	0.010935051099982385
393	953	0.010931296451135886
953	393	0.010931296451135886
829	914	0.010925300401227078
914	829	0.010925300401227078
798	914	0.010911135170601938
914	798	0.010911135170601938
137	948	0.010893638529200445
948	137	0.010893638529200445
272	953	0.010876701677117406
953	272	0.010876701677117406
14	953	0.010869879072597621
953	14	0.010869879072597621
154	914	0.010868139224690099
914	154	0.010868139224690099
157	914	0.01079689081087798
914	157	0.01079689081087798
836	914	0.010775417215008964
914	836	0.010775417215008964
79	914	0.010742733194574638
914	79	0.010742733194574638
637	953	0.010727884285795186
953	637	0.010727884285795186
681	914	0.010717616577488709
914	681	0.010717616577488709
902	953	0.010716452257501397
953	902	0.010716452257501397
686	953	0.010700942249939782
953	686	0.010700942249939782
53	953	0.010674582446096315
953	53	0.010674582446096315
643	917	0.010602423208547318
917	643	0.010602423208547318
699	953	0.010538400065065678
953	699	0.010538400065065678
400	953	0.010510764043503817
953	400	0.010510764043503817
737	914	0.010498479509328806
914	737	0.010498479509328806
447	941	0.010492819543393761
941	447	0.010492819543393761
903	914	0.010469181062327193
914	903	0.010469181062327193
768	914	0.010456763419965931
914	768	0.010456763419965931
624	941	0.010417684691058637
941	624	0.010417684691058637
67	953	0.010382827409329387
953	67	0.010382827409329387
700	849	0.01035882389163767
849	700	0.01035882389163767
534	914	0.010355283381680014
914	534	0.010355283381680014
94	953	0.010258257418312544
953	94	0.010258257418312544
573	948	0.010212507961867123
948	573	0.010212507961867123
496	953	0.010203835090757618
953	496	0.010203835090757618
292	953	0.010169628872059189
953	292	0.010169628872059189
7	953	0.010121544047824171
953	7	0.010121544047824171
300	953	0.010107954139846997
953	300	0.010107954139846997
861	948	0.01010065019555828
948	861	0.01010065019555828
477	914	0.010087540285628416
914	477	0.010087540285628416
151	953	0.010070669133236398
953	151	0.010070669133236398
618	914	0.010063737292569375
914	618	0.010063737292569375
682	953	0.010058241753281738
953	682	0.010058241753281738
764	953	0.010025571385064547
953	764	0.010025571385064547
914	942	0.01000850984027557
942	914	0.01000850984027557
218	948	0.010004973898354086
948	218	0.010004973898354086
343	953	0.009886354391194896
953	343	0.009886354391194896
73	953	0.009859870964288975
953	73	0.009859870964288975
855	914	0.009827931775255871
914	855	0.009827931775255871
309	941	0.009817624140404213
941	309	0.009817624140404213
2	953	0.00967595061233184
953	2	0.00967595061233184
10	953	0.009580765463456986
953	10	0.009580765463456986
552	953	0.009555448075089013
953	552	0.009555448075089013
623	953	0.009544087036099214
953	623	0.009544087036099214
742	953	0.009531118343989675
953	742	0.009531118343989675
196	953	0.009515538724618411
953	196	0.009515538724618411
276	941	0.009515396983550639
941	276	0.009515396983550639
410	953	0.009481308482161888
953	410	0.009481308482161888
700	934	0.009473219159165103
934	700	0.009473219159165103
561	948	0.00945842284664078
948	561	0.00945842284664078
570	948	0.009452911771539396
948	570	0.009452911771539396
465	953	0.009443250820968085
953	465	0.009443250820968085
474	955	0.00940831006159959
955	474	0.00940831006159959
193	953	0.009408112652260714
953	193	0.009408112652260714
824	914	0.009328109784166205
914	824	0.009328109784166205
554	914	0.00932413526481124
914	554	0.00932413526481124
616	914	0.0092940983498222
914	616	0.0092940983498222
595	914	0.009207267018161103
914	595	0.009207267018161103
529	953	0.00918578026358352
953	529	0.00918578026358352
948	954	0.009169520666475917
954	948	0.009169520666475917
557	914	0.009152540251194496
914	557	0.009152540251194496
722	914	0.009129051134903365
914	722	0.009129051134903365
307	953	0.00908224782296485
953	307	0.00908224782296485
350	941	0.009077691673047728
941	350	0.009077691673047728
40	953	0.009027697030659532
953	40	0.009027697030659532
590	948	0.009025760208609457
948	590	0.009025760208609457
20	914	0.0090165462199574
914	20	0.0090165462199574
399	914	0.00901108116336169
914	399	0.00901108116336169
437	953	0.008922582305996407
953	437	0.008922582305996407
613	914	0.00891092551959316
914	613	0.00891092551959316
256	914	0.008905287941289863
914	256	0.008905287941289863
273	914	0.00885360382735989
914	273	0.00885360382735989
892	914	0.008836976309778644
914	892	0.008836976309778644
336	953	0.00878588751241538
953	336	0.00878588751241538
557	953	0.008775588966933645
953	557	0.008775588966933645
700	702	0.008758006520274364
702	700	0.008758006520274364
649	948	0.008735864514665126
948	649	0.008735864514665126
129	914	0.008734318826675525
914	129	0.008734318826675525
362	953	0.00873258650836295
953	362	0.00873258650836295
872	914	0.008721355611174486
914	872	0.008721355611174486
583	914	0.008654238282536308
914	583	0.008654238282536308
563	941	0.008650322732805193
941	563	0.008650322732805193
69	953	0.008637082858204082
953	69	0.008637082858204082
642	953	0.008595813480046122
953	642	0.008595813480046122
792	914	0.008566513014663268
914	792	0.008566513014663268
41	914	0.008516089625880685
914	41	0.008516089625880685
282	953	0.008468010538190907
953	282	0.008468010538190907
729	953	0.008422851034935563
953	729	0.008422851034935563
528	953	0.008393945787658508
953	528	0.008393945787658508
191	953	0.008388656033778252
953	191	0.008388656033778252
908	941	0.008358367960414448
941	908	0.008358367960414448
504	914	0.008341157387744547
914	504	0.008341157387744547
327	914	0.00833777364426358
914	327	0.00833777364426358
169	953	0.008331670726141382
953	169	0.008331670726141382
34	953	0.00831541997221863
953	34	0.00831541997221863
654	914	0.00830376375308517
914	654	0.00830376375308517
921	948	0.008296398015404938
948	921	0.008296398015404938
125	953	0.008266347452122735
953	125	0.008266347452122735
146	953	0.008224267520237971
953	146	0.008224267520237971
328	914	0.00822055048923831
914	328	0.00822055048923831
899	953	0.00820844025450862
953	899	0.00820844025450862
664	948	0.00818664615713316
948	664	0.00818664615713316
899	914	0.008126982979858921
914	899	0.008126982979858921
443	948	0.008106200035678413
948	443	0.008106200035678413
356	914	0.008070847973567608
914	356	0.008070847973567608
319	953	0.008061084554605191
953	319	0.008061084554605191
544	700	0.008060293521379158
700	544	0.008060293521379158
735	953	0.0080401562652066
953	735	0.0080401562652066
598	914	0.008027365283692411
914	598	0.008027365283692411
210	953	0.00801016326201709
953	210	0.00801016326201709
398	948	0.007996534432195501
948	398	0.007996534432195501
419	700	0.007982528578808212
700	419	0.007982528578808212
12	914	0.007979275026877009
914	12	0.007979275026877009
62	948	0.007917032244353361
948	62	0.007917032244353361
882	953	0.007910272930021556
953	882	0.007910272930021556
335	933	0.007870962398147885
933	335	0.007870962398147885
546	948	0.007868394877228013
948	546	0.007868394877228013
731	953	0.007777281350758836
953	731	0.007777281350758836
569	914	0.007760888567454494
914	569	0.007760888567454494
19	953	0.007744704313074724
953	19	0.007744704313074724
574	953	0.007717798342228965
953	574	0.007717798342228965
379	953	0.007683271128222202
953	379	0.007683271128222202
229	914	0.007669769561268636
914	229	0.007669769561268636
472	953	0.00766156010258956
953	472	0.00766156010258956
869	914	0.007643596946978581
914	869	0.007643596946978581
320	948	0.007631341181977502
948	320	0.007631341181977502
743	953	0.007602557436528379
953	743	0.007602557436528379
170	914	0.007585831159460987
914	170	0.007585831159460987
591	914	0.0075323655941437195
914	591	0.0075323655941437195
59	914	0.007523841111937379
914	59	0.007523841111937379
38	953	0.007515318753946065
953	38	0.007515318753946065
691	948	0.0075045642630895415
948	691	0.0075045642630895415
502	953	0.007503227617403407
953	502	0.007503227617403407
27	953	0.007473337861402696
953	27	0.007473337861402696
376	914	0.007430628985858556
914	376	0.007430628985858556
730	953	0.007430615233839699
953	730	0.007430615233839699
68	953	0.0074161153239094
953	68	0.0074161153239094
518	953	0.007412827698387581
953	518	0.007412827698387581
536	914	0.007374983229704757
914	536	0.007374983229704757
786	914	0.007348739602200949
914	786	0.007348739602200949
785	914	0.00733299699334089
914	785	0.00733299699334089
947	952	0.007312250348574967
952	947	0.007312250348574967
889	914	0.007296858138708728
914	889	0.007296858138708728
586	953	0.007293746089036768
953	586	0.007293746089036768
564	948	0.007283342738506393
948	564	0.007283342738506393
623	948	0.007271131492092353
948	623	0.007271131492092353
658	914	0.007261082075459502
914	658	0.007261082075459502
222	953	0.0072515485342490305
953	222	0.0072515485342490305
766	953	0.007238035457688419
953	766	0.007238035457688419
707	948	0.007224445845035454
948	707	0.007224445845035454
662	953	0.007212400528057605
953	662	0.007212400528057605
879	949	0.007160122284730841
949	879	0.007160122284730841
17	914	0.0071493621844236355
914	17	0.0071493621844236355
185	953	0.0070361562402714295
953	185	0.0070361562402714295
500	948	0.007023580532131035
948	500	0.007023580532131035
585	953	0.007018280130486332
953	585	0.007018280130486332
594	948	0.007014627164630083
948	594	0.007014627164630083
175	953	0.006963355153236428
953	175	0.006963355153236428
236	948	0.006961953563354051
948	236	0.006961953563354051
240	914	0.006950364402333431
914	240	0.006950364402333431
476	953	0.0069219722557016805
953	476	0.0069219722557016805
704	914	0.006868586851615399
914	704	0.006868586851615399
12	953	0.0067970032286024384
953	12	0.0067970032286024384
282	914	0.006774710114246574
914	282	0.006774710114246574
717	953	0.006715691131363499
953	717	0.006715691131363499
560	953	0.006581978469551331
953	560	0.006581978469551331
821	914	0.006581641969066299
914	821	0.006581641969066299
779	953	0.006562919436369219
953	779	0.006562919436369219
514	953	0.006518017379190333
953	514	0.006518017379190333
302	953	0.006509674415540401
953	302	0.006509674415540401
853	953	0.006503601480278398
953	853	0.006503601480278398
243	953	0.006496291829226619
953	243	0.006496291829226619
478	953	0.0064412279923211635
953	478	0.0064412279923211635
827	948	0.006436599894987571
948	827	0.006436599894987571
258	948	0.00642686954442917
948	258	0.00642686954442917
340	914	0.006406420477993668
914	340	0.006406420477993668
360	948	0.00639899436904634
948	360	0.00639899436904634
545	953	0.006348268649112754
953	545	0.006348268649112754
601	914	0.0063464462305915514
914	601	0.0063464462305915514
757	914	0.0063408212718305546
914	757	0.0063408212718305546
37	948	0.006334333194306652
948	37	0.006334333194306652
493	914	0.006324374981209191
914	493	0.006324374981209191
936	953	0.006249861762747111
953	936	0.006249861762747111
498	953	0.006234156109017119
953	498	0.006234156109017119
602	914	0.00621887412472355
914	602	0.00621887412472355
192	953	0.006214853715287516
953	192	0.006214853715287516
54	953	0.0062133997261084595
953	54	0.0062133997261084595
132	914	0.006191519989343419
914	132	0.006191519989343419
949	947	0.006187971842875228
850	914	0.006172763537066972
914	850	0.006172763537066972
367	953	0.00616440973630783
953	367	0.00616440973630783
19	948	0.006156040883510849
948	19	0.006156040883510849
425	700	0.006147161121578426
700	425	0.006147161121578426
421	914	0.006136716463442937
914	421	0.006136716463442937
672	914	0.006134589476795682
914	672	0.006134589476795682
107	951	0.006118239872324738
951	107	0.006118239872324738
582	914	0.006103169340698988
914	582	0.006103169340698988
406	951	0.006089324020826847
951	406	0.006089324020826847
869	953	0.0060860803023292664
953	869	0.0060860803023292664
167	914	0.006058868699358344
914	167	0.006058868699358344
133	953	0.006037919126858693
953	133	0.006037919126858693
355	948	0.005957859568274104
948	355	0.005957859568274104
18	953	0.0059177868964110925
953	18	0.0059177868964110925
426	953	0.005900679749098581
953	426	0.005900679749098581
160	948	0.0058858893752484764
948	160	0.0058858893752484764
357	914	0.0058239400060662305
914	357	0.0058239400060662305
277	953	0.0058195931270426104
953	277	0.0058195931270426104
183	953	0.0057938121162701695
953	183	0.0057938121162701695
289	914	0.0057827312294553845
914	289	0.0057827312294553845
238	914	0.005761054114375108
914	238	0.005761054114375108
789	953	0.005755886523623799
953	789	0.005755886523623799
848	953	0.00570355942018419
953	848	0.00570355942018419
126	914	0.005673753437744011
914	126	0.005673753437744011
638	914	0.005646348296187265
914	638	0.005646348296187265
700	918	0.005619734209624472
918	700	0.005619734209624472
754	914	0.0055632158844378665
914	754	0.0055632158844378665
235	953	0.005546201840443077
953	235	0.005546201840443077
253	953	0.005543413625582527
953	253	0.005543413625582527
65	700	0.005517505891982077
700	65	0.005517505891982077
287	914	0.005487809182298298
914	287	0.005487809182298298
117	914	0.005470819862226417
914	117	0.005470819862226417
576	953	0.005387261550909628
953	576	0.005387261550909628
538	914	0.005345084440138148
914	538	0.005345084440138148
678	914	0.005330105728938994
914	678	0.005330105728938994
588	914	0.005326794245876121
914	588	0.005326794245876121
924	949	0.005147014129622374
949	924	0.005147014129622374
918	948	0.005142828077465911
948	918	0.005142828077465911
674	953	0.005137632111227086
953	674	0.005137632111227086
632	953	0.005131098217658225
953	632	0.005131098217658225
384	953	0.005052152730776083
953	384	0.005052152730776083
724	953	0.005019272906757299
953	724	0.005019272906757299
762	914	0.005009274769235628
914	762	0.005009274769235628
545	914	0.004993430989855607
914	545	0.004993430989855607
853	948	0.004986011780229838
948	853	0.004986011780229838
261	953	0.004950636728278557
953	261	0.004950636728278557
720	953	0.004918855362660901
953	720	0.004918855362660901
37	700	0.004908192182312199
700	37	0.004908192182312199
228	948	0.00487512123440581
948	228	0.00487512123440581
721	953	0.004866099745420405
953	721	0.004866099745420405
688	700	0.004859713105775487
700	688	0.004859713105775487
177	948	0.004847073033141802
948	177	0.004847073033141802
846	953	0.004807113887898451
953	846	0.004807113887898451
36	914	0.004752195208990617
914	36	0.004752195208990617
540	700	0.004644286757099936
700	540	0.004644286757099936
315	914	0.00464193805729729
914	315	0.00464193805729729
822	953	0.004624710370800589
953	822	0.004624710370800589
510	953	0.004623762794232045
953	510	0.004623762794232045
812	914	0.004598332153972429
914	812	0.004598332153972429
771	941	0.004584609954342511
941	771	0.004584609954342511
170	953	0.004561531000797592
953	170	0.004561531000797592
696	914	0.004547909199801303
914	696	0.004547909199801303
298	953	0.004526732518502996
953	298	0.004526732518502996
505	914	0.0045076047961640775
914	505	0.0045076047961640775
128	953	0.0045055707931329625
953	128	0.0045055707931329625
753	914	0.004503495750912689
914	753	0.004503495750912689
172	953	0.0044828702811583465
953	172	0.0044828702811583465
138	953	0.00447858856670158
953	138	0.00447858856670158
526	914	0.004408307851498261
914	526	0.004408307851498261
260	914	0.004403416883053124
914	260	0.004403416883053124
364	914	0.004368974090546152
914	364	0.004368974090546152
310	948	0.004368506463689137
948	310	0.004368506463689137
0	953	0.004359769768856658
953	0	0.004359769768856658
475	700	0.004294980894799849
700	475	0.004294980894799849
640	933	0.004276056494531222
933	640	0.004276056494531222
863	953	0.0042647454161868215
953	863	0.0042647454161868215
138	948	0.004233635268741542
948	138	0.004233635268741542
182	953	0.004230508123134413
953	182	0.004230508123134413
29	914	0.004217321113638928
914	29	0.004217321113638928
516	948	0.004215642312443535
948	516	0.004215642312443535
905	953	0.004210929162680399
953	905	0.004210929162680399
886	953	0.004173499089736854
953	886	0.004173499089736854
219	948	0.0041612761147360455
948	219	0.0041612761147360455
361	914	0.004100285272083948
914	361	0.004100285272083948
889	953	0.004055749873684178
953	889	0.004055749873684178
600	914	0.0039405070757354554
914	600	0.0039405070757354554
24	914	0.0038972421017213765
914	24	0.0038972421017213765
708	953	0.0038735108894285553
953	708	0.0038735108894285553
769	948	0.003871833749094611
948	769	0.003871833749094611
237	953	0.0038700518089513913
953	237	0.0038700518089513913
604	914	0.003819647297736539
914	604	0.003819647297736539
230	953	0.003818765038470895
953	230	0.003818765038470895
20	953	0.0038052049271843913
953	20	0.0038052049271843913
940	953	0.0037946036237723746
953	940	0.0037946036237723746
290	700	0.003736620381399547
700	290	0.003736620381399547
883	953	0.0037294870180126782
953	883	0.0037294870180126782
914	928	0.0037180356331307785
928	914	0.0037180356331307785
507	953	0.0036921079448362093
953	507	0.0036921079448362093
795	914	0.0036841427191665055
914	795	0.0036841427191665055
401	914	0.0036759842160332123
914	401	0.0036759842160332123
84	948	0.003664462229631349
948	84	0.003664462229631349
419	941	0.003630735872847346
941	419	0.003630735872847346
434	953	0.0036253817355642592
953	434	0.0036253817355642592
665	700	0.003615455181687599
700	665	0.003615455181687599
206	914	0.0035902805987058084
914	206	0.0035902805987058084
667	948	0.0035794656296668226
948	667	0.0035794656296668226
355	953	0.003543246359554386
953	355	0.003543246359554386
750	953	0.003527350219242331
953	750	0.003527350219242331
839	933	0.00350491486607174
933	839	0.00350491486607174
251	914	0.0034963586626337584
914	251	0.0034963586626337584
35	953	0.003459727589050443
953	35	0.003459727589050443
222	948	0.003451093469293509
948	222	0.003451093469293509
716	948	0.003448754547446642
948	716	0.003448754547446642
634	953	0.0034414929385342408
953	634	0.0034414929385342408
744	941	0.0034347901500348943
941	744	0.0034347901500348943
415	700	0.0034129935413260704
700	415	0.0034129935413260704
825	914	0.0034008685858826215
914	825	0.0034008685858826215
687	914	0.0033986392692122447
914	687	0.0033986392692122447
224	953	0.0033863941636227413
953	224	0.0033863941636227413
297	953	0.0033409660454766232
953	297	0.0033409660454766232
504	953	0.003340460455496741
953	504	0.003340460455496741
859	948	0.0033158950782377072
948	859	0.0033158950782377072
414	700	0.0032438516241892756
700	414	0.0032438516241892756
657	953	0.0032409627433627186
953	657	0.0032409627433627186
75	948	0.0032321702473820935
948	75	0.0032321702473820935
593	953	0.0032247015339306184
953	593	0.0032247015339306184
92	953	0.003204027076147531
953	92	0.003204027076147531
788	948	0.003201429136797662
948	788	0.003201429136797662
517	948	0.003197916888819652
948	517	0.003197916888819652
69	948	0.0031834088240634273
948	69	0.0031834088240634273
300	948	0.003178604733415691
948	300	0.003178604733415691
342	914	0.0031614547407328164
914	342	0.0031614547407328164
5	953	0.0031579871689422223
953	5	0.0031579871689422223
39	914	0.003119931189514702
914	39	0.003119931189514702
844	953	0.0030729588401985364
953	844	0.0030729588401985364
112	948	0.0030690316205355117
948	112	0.0030690316205355117
16	700	0.0030486877028106374
700	16	0.0030486877028106374
679	948	0.002989002716806244
948	679	0.002989002716806244
530	953	0.002982485600742546
953	530	0.002982485600742546
213	953	0.002976806289182621
953	213	0.002976806289182621
94	948	0.002932389691849613
948	94	0.002932389691849613
407	914	0.002899585766859447
914	407	0.002899585766859447
881	914	0.0028590357481987905
914	881	0.0028590357481987905
211	953	0.0028443839360903223
953	211	0.0028443839360903223
865	948	0.002843017967175454
948	865	0.002843017967175454
883	948	0.0028075941297551754
948	883	0.0028075941297551754
125	948	0.0027894756018804756
948	125	0.0027894756018804756
33	914	0.0027829535128702787
914	33	0.0027829535128702787
224	914	0.0027789605890715663
914	224	0.0027789605890715663
403	914	0.002777661006916121
914	403	0.002777661006916121
788	914	0.0026836825185050373
914	788	0.0026836825185050373
794	953	0.0026591681681282786
953	794	0.0026591681681282786
498	914	0.002643274494396053
914	498	0.002643274494396053
825	953	0.0025779665255734052
953	825	0.0025779665255734052
700	908	0.002548612019262375
908	700	0.002548612019262375
574	948	0.0025461265245805276
948	574	0.0025461265245805276
330	953	0.002544476041137722
953	330	0.002544476041137722
78	914	0.002544197097065215
914	78	0.002544197097065215
47	953	0.002526540414435674
953	47	0.002526540414435674
840	953	0.002515662500286675
953	840	0.002515662500286675
663	941	0.002480909062490655
941	663	0.002480909062490655
171	953	0.0024649012809236925
953	171	0.0024649012809236925
107	941	0.0024589839450124273
941	107	0.0024589839450124273
489	700	0.002454960985594168
700	489	0.002454960985594168
310	953	0.0024533111109303896
953	310	0.0024533111109303896
711	953	0.0023874823948710766
953	711	0.0023874823948710766
386	914	0.002370148238958425
914	386	0.002370148238958425
910	949	0.002341468812756542
949	910	0.002341468812756542
868	914	0.0023075110074106675
914	868	0.0023075110074106675
519	914	0.0022668672058310246
914	519	0.0022668672058310246
312	953	0.002248284436433101
953	312	0.002248284436433101
554	953	0.002192653173338943
953	554	0.002192653173338943
96	953	0.002190053634396616
953	96	0.002190053634396616
184	948	0.002177988290066324
948	184	0.002177988290066324
84	953	0.0021624642200159805
953	84	0.0021624642200159805
559	953	0.0021608678614237764
953	559	0.0021608678614237764
513	953	0.0020863599386242715
953	513	0.0020863599386242715
914	929	0.002052534878481005
929	914	0.002052534878481005
440	953	0.0020355195090089317
953	440	0.0020355195090089317
288	948	0.0020340895361286027
948	288	0.0020340895361286027
459	953	0.001999479594288589
953	459	0.001999479594288589
444	948	0.001992290500999472
948	444	0.001992290500999472
751	953	0.0019762433929164658
953	751	0.0019762433929164658
4	953	0.001939449781605207
953	4	0.001939449781605207
712	948	0.001914802535095017
948	712	0.001914802535095017
468	948	0.0018649537065955624
948	468	0.0018649537065955624
235	914	0.0018644310122666319
914	235	0.0018644310122666319
439	914	0.0018464196481400297
914	439	0.0018464196481400297
286	948	0.0018369399213888915
948	286	0.0018369399213888915
653	914	0.0018339845386279308
914	653	0.0018339845386279308
924	951	0.0018216860829147752
951	924	0.0018216860829147752
250	953	0.0018197080409829702
953	250	0.0018197080409829702
257	914	0.0017923451018149184
914	257	0.0017923451018149184
254	953	0.0017333361261786528
953	254	0.0017333361261786528
784	953	0.0017273068731704644
953	784	0.0017273068731704644
179	953	0.0017092687319626432
953	179	0.0017092687319626432
621	700	0.0017088301144700946
700	621	0.0017088301144700946
352	953	0.0016739125165363689
953	352	0.0016739125165363689
109	953	0.0016708905829587728
953	109	0.0016708905829587728
605	953	0.001589136306990202
953	605	0.001589136306990202
579	914	0.0015652526894436303
914	579	0.0015652526894436303
891	914	0.001556615970949915
914	891	0.001556615970949915
492	948	0.0015085765588505051
948	492	0.0015085765588505051
301	914	0.0014991083471302957
914	301	0.0014991083471302957
879	932	0.0014122283614439457
932	879	0.0014122283614439457
646	953	0.0014090850279699918
953	646	0.0014090850279699918
290	941	0.00139470793770613
941	290	0.00139470793770613
39	953	0.001377340084663281
953	39	0.001377340084663281
293	953	0.0013507377912960195
953	293	0.0013507377912960195
82	948	0.0012753671305361092
948	82	0.0012753671305361092
932	952	0.0012547203225123926
952	932	0.0012547203225123926
229	953	0.0012378768011624963
953	229	0.0012378768011624963
325	953	0.0012091135248404328
953	325	0.0012091135248404328
420	953	0.0011778686089691792
953	420	0.0011778686089691792
323	948	0.001083067547341221
948	323	0.001083067547341221
385	914	0.0010731651049011859
914	385	0.0010731651049011859
291	914	0.0010595878071706366
914	291	0.0010595878071706366
76	953	0.001032263373156761
953	76	0.001032263373156761
277	914	0.0010291722064517117
914	277	0.0010291722064517117
168	948	0.0009930084935949601
948	168	0.0009930084935949601
79	953	0.0009733953628483505
953	79	0.0009733953628483505
132	953	0.0009521591958847608
953	132	0.0009521591958847608
372	953	0.0009441035765613837
953	372	0.0009441035765613837
607	953	0.0008514784308608636
953	607	0.0008514784308608636
454	933	0.0008417050805056281
933	454	0.0008417050805056281
641	948	0.0008404596386937246
948	641	0.0008404596386937246
251	953	0.000803517650870722
953	251	0.000803517650870722
149	948	0.0008009076387855973
948	149	0.0008009076387855973
521	953	0.0007880308334875519
953	521	0.0007880308334875519
870	941	0.0007833751860135685
941	870	0.0007833751860135685
598	953	0.0007729665629021554
953	598	0.0007729665629021554
204	953	0.0007603808403400247
953	204	0.0007603808403400247
8	948	0.0007506240654673313
948	8	0.0007506240654673313
829	953	0.0007452382386248235
953	829	0.0007452382386248235
613	953	0.0007234981083903413
953	613	0.0007234981083903413
678	953	0.0007161903569457007
953	678	0.0007161903569457007
380	953	0.000686691097800507
953	380	0.000686691097800507
793	953	0.0006710213959222333
953	793	0.0006710213959222333
615	953	0.0006624785020459267
953	615	0.0006624785020459267
669	914	0.0006302417121246684
914	669	0.0006302417121246684
448	917	0.0006282273708246855
917	448	0.0006282273708246855
165	948	0.0005929271296167826
948	165	0.0005929271296167826
486	953	0.0005665567618517997
953	486	0.0005665567618517997
201	953	0.00053004875578333
953	201	0.00053004875578333
135	953	0.0005252245854860949
953	135	0.0005252245854860949
707	953	0.0005117573627912986
953	707	0.0005117573627912986
639	948	0.0004920192141417701
948	639	0.0004920192141417701
163	953	0.00045387017148645903
953	163	0.00045387017148645903
489	948	0.0004428927983308739
948	489	0.0004428927983308739
857	914	0.0004270455516817151
914	857	0.0004270455516817151
910	952	0.0004221552253995675
952	910	0.0004221552253995675
424	948	0.0004168366742296481
948	424	0.0004168366742296481
155	948	0.0003811727512910146
948	155	0.0003811727512910146
81	914	0.00037629484411594305
914	81	0.00037629484411594305
897	953	0.0003742913792785796
953	897	0.0003742913792785796
465	948	0.00036123075404637106
948	465	0.00036123075404637106
75	953	0.00034911065560461196
953	75	0.00034911065560461196
865	941	0.00033932623634536085
941	865	0.00033932623634536085
207	948	0.00033373256607882595
948	207	0.00033373256607882595
261	914	0.0003093812029848486
914	261	0.0003093812029848486
914	935	0.0003086880678475623
935	914	0.0003086880678475623
597	953	0.000302730440765675
953	597	0.000302730440765675
783	933	0.0003017314248241476
933	783	0.0003017314248241476
252	953	0.00026792725133129025
953	252	0.00026792725133129025
700	744	0.0002649444887812269
744	700	0.0002649444887812269
713	948	0.000225788603023247
948	713	0.000225788603023247
700	922	0.00022020513250375906
922	700	0.00022020513250375906
444	941	0.00019041994303936605
941	444	0.00019041994303936605
32	948	0.0001397434165033573
948	32	0.0001397434165033573
512	914	0.00013555158220857066
914	512	0.00013555158220857066
286	941	0.00010674508337515931
941	286	0.00010674508337515931
828	953	3.418957148504376e-05
953	828	3.418957148504376e-05
140	953	1.264933590627848e-05
953	140	1.264933590627848e-05
